unit,segment,start_ms,duration_ms,center_hz,width_hz,peak_level,seed
ㄱㅏ,burst,18.0,22.0,1450,900,0.0623808,13577262911487557656
ㄱㅏ,aspiration,32.0,16.56,1812.5,1215.0,0.03430944,13123542485160656990
ㄱㅐ,burst,18.0,22.0,1450,900,0.0623808,9903466099170939781
ㄱㅐ,aspiration,32.0,16.56,1812.5,1215.0,0.03430944,17228600818307346328
ㄱㅑ,burst,18.0,22.0,1450,900,0.0623808,7994253636285819088
ㄱㅑ,aspiration,32.0,16.56,1812.5,1215.0,0.03430944,4166675900933511043
ㄱㅒ,burst,18.0,22.0,1450,900,0.0623808,3630001137023186236
ㄱㅒ,aspiration,32.0,16.56,1812.5,1215.0,0.03430944,7240650497421477524
ㄱㅓ,burst,18.0,22.0,1450,900,0.0623808,9686876230093666878
ㄱㅓ,aspiration,32.0,16.56,1812.5,1215.0,0.03430944,11604539089201912463
ㄱㅔ,burst,18.0,22.0,1450,900,0.0623808,10165526739031862909
ㄱㅔ,aspiration,32.0,16.56,1812.5,1215.0,0.03430944,4279822381739966558
ㄱㅕ,burst,18.0,22.0,1450,900,0.0623808,9608200709450626866
ㄱㅕ,aspiration,32.0,16.56,1812.5,1215.0,0.03430944,3268687398117450127
ㄱㅖ,burst,18.0,22.0,1450,900,0.0623808,13921541607942039007
ㄱㅖ,aspiration,32.0,16.56,1812.5,1215.0,0.03430944,8960802828612343707
ㄱㅗ,burst,18.0,22.0,1450,900,0.0623808,2987369182452469796
ㄱㅗ,aspiration,32.0,16.56,1812.5,1215.0,0.03430944,12063932523147154406
ㄱㅘ,burst,18.0,22.0,1450,900,0.0623808,9015131028819150461
ㄱㅘ,aspiration,32.0,16.56,1812.5,1215.0,0.03430944,2300087721903660505
ㄱㅙ,burst,18.0,22.0,1450,900,0.0623808,8502398623399078343
ㄱㅙ,aspiration,32.0,16.56,1812.5,1215.0,0.03430944,2139555430323715041
ㄱㅚ,burst,18.0,22.0,1450,900,0.0623808,16646516225561025233
ㄱㅚ,aspiration,32.0,16.56,1812.5,1215.0,0.03430944,6906198937917038735
ㄱㅛ,burst,18.0,22.0,1450,900,0.0623808,4365610264536566249
ㄱㅛ,aspiration,32.0,16.56,1812.5,1215.0,0.03430944,10057402617625806369
ㄱㅜ,burst,18.0,22.0,1450,900,0.0623808,4718724197441762258
ㄱㅜ,aspiration,32.0,16.56,1812.5,1215.0,0.03430944,13173670295698189576
ㄱㅝ,burst,18.0,22.0,1450,900,0.0623808,1941087840319295902
ㄱㅝ,aspiration,32.0,16.56,1812.5,1215.0,0.03430944,13400816259963564219
ㄱㅞ,burst,18.0,22.0,1450,900,0.0623808,5818105527571689033
ㄱㅞ,aspiration,32.0,16.56,1812.5,1215.0,0.03430944,9939850763862234771
ㄱㅟ,burst,18.0,22.0,1450,900,0.0623808,10739140512483505989
ㄱㅟ,aspiration,32.0,16.56,1812.5,1215.0,0.03430944,9170111458182973687
ㄱㅠ,burst,18.0,22.0,1450,900,0.0623808,13874414288431528186
ㄱㅠ,aspiration,32.0,16.56,1812.5,1215.0,0.03430944,3955857780584184770
ㄱㅡ,burst,18.0,22.0,1450,900,0.0623808,16975868759172874022
ㄱㅡ,aspiration,32.0,16.56,1812.5,1215.0,0.03430944,11507988181563201288
ㄱㅢ,burst,18.0,22.0,1450,900,0.0623808,12256063964000756319
ㄱㅢ,aspiration,32.0,16.56,1812.5,1215.0,0.03430944,5177458451070638359
ㄱㅣ,burst,18.0,22.0,1450,900,0.0623808,2871216069323291727
ㄱㅣ,aspiration,32.0,16.56,1812.5,1215.0,0.03430944,5051738684053964916
ㄲㅏ,burst,10.0,22.0,1750,850,0.0935712,3867739088167821369
ㄲㅏ,aspiration,24.0,12.88,2187.5,1147.5,0.05146416,4401053857934022236
ㄲㅐ,burst,10.0,22.0,1750,850,0.0935712,12195946153293720981
ㄲㅐ,aspiration,24.0,12.88,2187.5,1147.5,0.05146416,16115680733456174174
ㄲㅑ,burst,10.0,22.0,1750,850,0.0935712,950749378469424217
ㄲㅑ,aspiration,24.0,12.88,2187.5,1147.5,0.05146416,16746050154314494988
ㄲㅒ,burst,10.0,22.0,1750,850,0.0935712,2306579116321132093
ㄲㅒ,aspiration,24.0,12.88,2187.5,1147.5,0.05146416,661878576264120751
ㄲㅓ,burst,10.0,22.0,1750,850,0.0935712,15787456244839629955
ㄲㅓ,aspiration,24.0,12.88,2187.5,1147.5,0.05146416,11928830449979052860
ㄲㅔ,burst,10.0,22.0,1750,850,0.0935712,16252736794811575448
ㄲㅔ,aspiration,24.0,12.88,2187.5,1147.5,0.05146416,12868682078411510865
ㄲㅕ,burst,10.0,22.0,1750,850,0.0935712,3561523333967787805
ㄲㅕ,aspiration,24.0,12.88,2187.5,1147.5,0.05146416,4653721150422018386
ㄲㅖ,burst,10.0,22.0,1750,850,0.0935712,8660700343107945439
ㄲㅖ,aspiration,24.0,12.88,2187.5,1147.5,0.05146416,12683765809633947588
ㄲㅗ,burst,10.0,22.0,1750,850,0.0935712,16480108470377219464
ㄲㅗ,aspiration,24.0,12.88,2187.5,1147.5,0.05146416,17359566970770157303
ㄲㅘ,burst,10.0,22.0,1750,850,0.0935712,13863065478541246506
ㄲㅘ,aspiration,24.0,12.88,2187.5,1147.5,0.05146416,13074240480277439787
ㄲㅙ,burst,10.0,22.0,1750,850,0.0935712,11119324564419005547
ㄲㅙ,aspiration,24.0,12.88,2187.5,1147.5,0.05146416,18226290689677841647
ㄲㅚ,burst,10.0,22.0,1750,850,0.0935712,13912973479698099221
ㄲㅚ,aspiration,24.0,12.88,2187.5,1147.5,0.05146416,9744339982303538250
ㄲㅛ,burst,10.0,22.0,1750,850,0.0935712,9373595967593297763
ㄲㅛ,aspiration,24.0,12.88,2187.5,1147.5,0.05146416,499855863900841922
ㄲㅜ,burst,10.0,22.0,1750,850,0.0935712,755911591429280422
ㄲㅜ,aspiration,24.0,12.88,2187.5,1147.5,0.05146416,10025255501978193284
ㄲㅝ,burst,10.0,22.0,1750,850,0.0935712,17960807825347864101
ㄲㅝ,aspiration,24.0,12.88,2187.5,1147.5,0.05146416,4333341251556335540
ㄲㅞ,burst,10.0,22.0,1750,850,0.0935712,11668529310523475166
ㄲㅞ,aspiration,24.0,12.88,2187.5,1147.5,0.05146416,8342723648191691895
ㄲㅟ,burst,10.0,22.0,1750,850,0.0935712,5433636576057361993
ㄲㅟ,aspiration,24.0,12.88,2187.5,1147.5,0.05146416,14001326940300636010
ㄲㅠ,burst,10.0,22.0,1750,850,0.0935712,4830287396527703299
ㄲㅠ,aspiration,24.0,12.88,2187.5,1147.5,0.05146416,11858583624325645573
ㄲㅡ,burst,10.0,22.0,1750,850,0.0935712,2549511175552948531
ㄲㅡ,aspiration,24.0,12.88,2187.5,1147.5,0.05146416,15838189317292323926
ㄲㅢ,burst,10.0,22.0,1750,850,0.0935712,4300575957913877213
ㄲㅢ,aspiration,24.0,12.88,2187.5,1147.5,0.05146416,10121063360353902323
ㄲㅣ,burst,10.0,22.0,1750,850,0.0935712,18259895730511478606
ㄲㅣ,aspiration,24.0,12.88,2187.5,1147.5,0.05146416,2671145846177727368
ㄷㅏ,burst,18.0,22.0,3200,1200,0.0701784,17797658954805176568
ㄷㅏ,aspiration,32.0,14.72,4000.0,1620.0,0.03859812,1703376029337968146
ㄷㅐ,burst,18.0,22.0,3200,1200,0.0701784,1870261770706906307
ㄷㅐ,aspiration,32.0,14.72,4000.0,1620.0,0.03859812,9983735454683192860
ㄷㅑ,burst,18.0,22.0,3200,1200,0.0701784,13769006898293613940
ㄷㅑ,aspiration,32.0,14.72,4000.0,1620.0,0.03859812,6778825617538558933
ㄷㅒ,burst,18.0,22.0,3200,1200,0.0701784,9188060778712575458
ㄷㅒ,aspiration,32.0,14.72,4000.0,1620.0,0.03859812,14399877939570741958
ㄷㅓ,burst,18.0,22.0,3200,1200,0.0701784,4961620988839915401
ㄷㅓ,aspiration,32.0,14.72,4000.0,1620.0,0.03859812,1535723699088698956
ㄷㅔ,burst,18.0,22.0,3200,1200,0.0701784,2115774279755987489
ㄷㅔ,aspiration,32.0,14.72,4000.0,1620.0,0.03859812,2540723243448777945
ㄷㅕ,burst,18.0,22.0,3200,1200,0.0701784,13992013601373458049
ㄷㅕ,aspiration,32.0,14.72,4000.0,1620.0,0.03859812,4859010210066832164
ㄷㅖ,burst,18.0,22.0,3200,1200,0.0701784,3933375789714405578
ㄷㅖ,aspiration,32.0,14.72,4000.0,1620.0,0.03859812,51035453587247357
ㄷㅗ,burst,18.0,22.0,3200,1200,0.0701784,17998383194795520561
ㄷㅗ,aspiration,32.0,14.72,4000.0,1620.0,0.03859812,10389852034715885158
ㄷㅘ,burst,18.0,22.0,3200,1200,0.0701784,6873677513662811982
ㄷㅘ,aspiration,32.0,14.72,4000.0,1620.0,0.03859812,16877191929513915405
ㄷㅙ,burst,18.0,22.0,3200,1200,0.0701784,13818175100165220022
ㄷㅙ,aspiration,32.0,14.72,4000.0,1620.0,0.03859812,10281508702843904015
ㄷㅚ,burst,18.0,22.0,3200,1200,0.0701784,1544826244417531083
ㄷㅚ,aspiration,32.0,14.72,4000.0,1620.0,0.03859812,1710657990746740944
ㄷㅛ,burst,18.0,22.0,3200,1200,0.0701784,18063872510932824052
ㄷㅛ,aspiration,32.0,14.72,4000.0,1620.0,0.03859812,17762707470812546026
ㄷㅜ,burst,18.0,22.0,3200,1200,0.0701784,252792927494217551
ㄷㅜ,aspiration,32.0,14.72,4000.0,1620.0,0.03859812,16934025122665489903
ㄷㅝ,burst,18.0,22.0,3200,1200,0.0701784,1214025231572568851
ㄷㅝ,aspiration,32.0,14.72,4000.0,1620.0,0.03859812,5353533353022509509
ㄷㅞ,burst,18.0,22.0,3200,1200,0.0701784,6817107918017952935
ㄷㅞ,aspiration,32.0,14.72,4000.0,1620.0,0.03859812,11400406896407476367
ㄷㅟ,burst,18.0,22.0,3200,1200,0.0701784,8466631702150121336
ㄷㅟ,aspiration,32.0,14.72,4000.0,1620.0,0.03859812,1194649768081051565
ㄷㅠ,burst,18.0,22.0,3200,1200,0.0701784,15225527872916093332
ㄷㅠ,aspiration,32.0,14.72,4000.0,1620.0,0.03859812,10347633907408628519
ㄷㅡ,burst,18.0,22.0,3200,1200,0.0701784,2063662417361392895
ㄷㅡ,aspiration,32.0,14.72,4000.0,1620.0,0.03859812,8417024637531792136
ㄷㅢ,burst,18.0,22.0,3200,1200,0.0701784,13959346124337265791
ㄷㅢ,aspiration,32.0,14.72,4000.0,1620.0,0.03859812,3156514629403200585
ㄷㅣ,burst,18.0,22.0,3200,1200,0.0701784,16646589532051414535
ㄷㅣ,aspiration,32.0,14.72,4000.0,1620.0,0.03859812,3220572737798410804
ㄸㅏ,burst,10.0,22.0,3600,1150,0.1013688,2516457580926252396
ㄸㅏ,aspiration,24.0,11.96,4500.0,1552.5,0.05575284,8824976908905656200
ㄸㅐ,burst,10.0,22.0,3600,1150,0.1013688,4941584420192436286
ㄸㅐ,aspiration,24.0,11.96,4500.0,1552.5,0.05575284,1879793004091941592
ㄸㅑ,burst,10.0,22.0,3600,1150,0.1013688,9235580040972602484
ㄸㅑ,aspiration,24.0,11.96,4500.0,1552.5,0.05575284,9122112993472806163
ㄸㅒ,burst,10.0,22.0,3600,1150,0.1013688,6542910646447414022
ㄸㅒ,aspiration,24.0,11.96,4500.0,1552.5,0.05575284,10212264341248297079
ㄸㅓ,burst,10.0,22.0,3600,1150,0.1013688,2319237609377824578
ㄸㅓ,aspiration,24.0,11.96,4500.0,1552.5,0.05575284,9045500641429307945
ㄸㅔ,burst,10.0,22.0,3600,1150,0.1013688,6626612022247521839
ㄸㅔ,aspiration,24.0,11.96,4500.0,1552.5,0.05575284,2590683519985135875
ㄸㅕ,burst,10.0,22.0,3600,1150,0.1013688,2612792723105243510
ㄸㅕ,aspiration,24.0,11.96,4500.0,1552.5,0.05575284,7147603208488415325
ㄸㅖ,burst,10.0,22.0,3600,1150,0.1013688,15097029093571774898
ㄸㅖ,aspiration,24.0,11.96,4500.0,1552.5,0.05575284,6346451283201379808
ㄸㅗ,burst,10.0,22.0,3600,1150,0.1013688,16680417000893995340
ㄸㅗ,aspiration,24.0,11.96,4500.0,1552.5,0.05575284,18403079503849665155
ㄸㅘ,burst,10.0,22.0,3600,1150,0.1013688,17875975231232661065
ㄸㅘ,aspiration,24.0,11.96,4500.0,1552.5,0.05575284,1788954008647958600
ㄸㅙ,burst,10.0,22.0,3600,1150,0.1013688,17736520421138246704
ㄸㅙ,aspiration,24.0,11.96,4500.0,1552.5,0.05575284,16536527384309488779
ㄸㅚ,burst,10.0,22.0,3600,1150,0.1013688,12776030151324075308
ㄸㅚ,aspiration,24.0,11.96,4500.0,1552.5,0.05575284,13531850228318975698
ㄸㅛ,burst,10.0,22.0,3600,1150,0.1013688,1724309057109745428
ㄸㅛ,aspiration,24.0,11.96,4500.0,1552.5,0.05575284,3258773047618238718
ㄸㅜ,burst,10.0,22.0,3600,1150,0.1013688,6211285133568578178
ㄸㅜ,aspiration,24.0,11.96,4500.0,1552.5,0.05575284,8246362475441030558
ㄸㅝ,burst,10.0,22.0,3600,1150,0.1013688,14534789574778225752
ㄸㅝ,aspiration,24.0,11.96,4500.0,1552.5,0.05575284,12890326370305589469
ㄸㅞ,burst,10.0,22.0,3600,1150,0.1013688,15295053990911177988
ㄸㅞ,aspiration,24.0,11.96,4500.0,1552.5,0.05575284,13394803544883882632
ㄸㅟ,burst,10.0,22.0,3600,1150,0.1013688,13172011197049785075
ㄸㅟ,aspiration,24.0,11.96,4500.0,1552.5,0.05575284,16298017597837552277
ㄸㅠ,burst,10.0,22.0,3600,1150,0.1013688,11467122980115105682
ㄸㅠ,aspiration,24.0,11.96,4500.0,1552.5,0.05575284,7045283607419107651
ㄸㅡ,burst,10.0,22.0,3600,1150,0.1013688,13094692498708510770
ㄸㅡ,aspiration,24.0,11.96,4500.0,1552.5,0.05575284,13193940664798003814
ㄸㅢ,burst,10.0,22.0,3600,1150,0.1013688,1812878696625996614
ㄸㅢ,aspiration,24.0,11.96,4500.0,1552.5,0.05575284,9007443782219452160
ㄸㅣ,burst,10.0,22.0,3600,1150,0.1013688,4263139318897844484
ㄸㅣ,aspiration,24.0,11.96,4500.0,1552.5,0.05575284,13360392114267649
ㄹㅏ,liquid_tap,18.0,10.0,1800,1000,0.032832,16203612653575415824
ㄹㅐ,liquid_tap,18.0,10.0,1800,1000,0.032832,1302339325066055149
ㄹㅑ,liquid_tap,18.0,10.0,1800,1000,0.032832,11650688008162945745
ㄹㅒ,liquid_tap,18.0,10.0,1800,1000,0.032832,3214203257501094811
ㄹㅓ,liquid_tap,18.0,10.0,1800,1000,0.032832,9041917111289876171
ㄹㅔ,liquid_tap,18.0,10.0,1800,1000,0.032832,14146877357080883718
ㄹㅕ,liquid_tap,18.0,10.0,1800,1000,0.032832,16163440842092104298
ㄹㅖ,liquid_tap,18.0,10.0,1800,1000,0.032832,9381812351516245770
ㄹㅗ,liquid_tap,18.0,10.0,1800,1000,0.032832,2523725805302745467
ㄹㅘ,liquid_tap,18.0,10.0,1800,1000,0.032832,12955311328725953568
ㄹㅙ,liquid_tap,18.0,10.0,1800,1000,0.032832,4926378457935341123
ㄹㅚ,liquid_tap,18.0,10.0,1800,1000,0.032832,7282726727684739798
ㄹㅛ,liquid_tap,18.0,10.0,1800,1000,0.032832,6490506960301772645
ㄹㅜ,liquid_tap,18.0,10.0,1800,1000,0.032832,8024239804602064611
ㄹㅝ,liquid_tap,18.0,10.0,1800,1000,0.032832,17966707395204565575
ㄹㅞ,liquid_tap,18.0,10.0,1800,1000,0.032832,4781165106682969073
ㄹㅟ,liquid_tap,18.0,10.0,1800,1000,0.032832,3075290291140104372
ㄹㅠ,liquid_tap,18.0,10.0,1800,1000,0.032832,15628056803483789009
ㄹㅡ,liquid_tap,18.0,10.0,1800,1000,0.032832,13317221200562611700
ㄹㅢ,liquid_tap,18.0,10.0,1800,1000,0.032832,11441414107451718544
ㄹㅣ,liquid_tap,18.0,10.0,1800,1000,0.032832,4920301449050004856
ㅂㅏ,burst,18.0,22.0,900,700,0.06498,5446497607071094421
ㅂㅏ,aspiration,32.0,15.64,1125.0,945.0000000000001,0.035739,12276222849109589182
ㅂㅐ,burst,18.0,22.0,900,700,0.06498,2050431245417640524
ㅂㅐ,aspiration,32.0,15.64,1125.0,945.0000000000001,0.035739,12315408313795553993
ㅂㅑ,burst,18.0,22.0,900,700,0.06498,13005628500680529867
ㅂㅑ,aspiration,32.0,15.64,1125.0,945.0000000000001,0.035739,1245449676015352707
ㅂㅒ,burst,18.0,22.0,900,700,0.06498,12436224176929047494
ㅂㅒ,aspiration,32.0,15.64,1125.0,945.0000000000001,0.035739,6975097324720533653
ㅂㅓ,burst,18.0,22.0,900,700,0.06498,3323614864908696330
ㅂㅓ,aspiration,32.0,15.64,1125.0,945.0000000000001,0.035739,10781930721393521236
ㅂㅔ,burst,18.0,22.0,900,700,0.06498,9384410671641589804
ㅂㅔ,aspiration,32.0,15.64,1125.0,945.0000000000001,0.035739,16963940290370878150
ㅂㅕ,burst,18.0,22.0,900,700,0.06498,7205717908001553212
ㅂㅕ,aspiration,32.0,15.64,1125.0,945.0000000000001,0.035739,13495926038862198039
ㅂㅖ,burst,18.0,22.0,900,700,0.06498,6583342027563776987
ㅂㅖ,aspiration,32.0,15.64,1125.0,945.0000000000001,0.035739,7184674836573443408
ㅂㅗ,burst,18.0,22.0,900,700,0.06498,11592064335962399646
ㅂㅗ,aspiration,32.0,15.64,1125.0,945.0000000000001,0.035739,10039932344277753998
ㅂㅘ,burst,18.0,22.0,900,700,0.06498,12119211092018001735
ㅂㅘ,aspiration,32.0,15.64,1125.0,945.0000000000001,0.035739,14681170129858808948
ㅂㅙ,burst,18.0,22.0,900,700,0.06498,5142551775767171450
ㅂㅙ,aspiration,32.0,15.64,1125.0,945.0000000000001,0.035739,10232752276461570026
ㅂㅚ,burst,18.0,22.0,900,700,0.06498,6477534929761122365
ㅂㅚ,aspiration,32.0,15.64,1125.0,945.0000000000001,0.035739,17859472763187318837
ㅂㅛ,burst,18.0,22.0,900,700,0.06498,9564397068165621140
ㅂㅛ,aspiration,32.0,15.64,1125.0,945.0000000000001,0.035739,1379728071139555294
ㅂㅜ,burst,18.0,22.0,900,700,0.06498,7581552046521276095
ㅂㅜ,aspiration,32.0,15.64,1125.0,945.0000000000001,0.035739,3363008526357226692
ㅂㅝ,burst,18.0,22.0,900,700,0.06498,342802924340903055
ㅂㅝ,aspiration,32.0,15.64,1125.0,945.0000000000001,0.035739,17187512469611643566
ㅂㅞ,burst,18.0,22.0,900,700,0.06498,13321433396696918313
ㅂㅞ,aspiration,32.0,15.64,1125.0,945.0000000000001,0.035739,7057596408333219244
ㅂㅟ,burst,18.0,22.0,900,700,0.06498,11947119850756287030
ㅂㅟ,aspiration,32.0,15.64,1125.0,945.0000000000001,0.035739,9017672883567367980
ㅂㅠ,burst,18.0,22.0,900,700,0.06498,9722836733663034797
ㅂㅠ,aspiration,32.0,15.64,1125.0,945.0000000000001,0.035739,13620111583000556446
ㅂㅡ,burst,18.0,22.0,900,700,0.06498,9629573683892303165
ㅂㅡ,aspiration,32.0,15.64,1125.0,945.0000000000001,0.035739,10495695756293919880
ㅂㅢ,burst,18.0,22.0,900,700,0.06498,4392566392811770850
ㅂㅢ,aspiration,32.0,15.64,1125.0,945.0000000000001,0.035739,716335486524911991
ㅂㅣ,burst,18.0,22.0,900,700,0.06498,15472371319736366367
ㅂㅣ,aspiration,32.0,15.64,1125.0,945.0000000000001,0.035739,1083813288747052472
ㅃㅏ,burst,10.0,22.0,1150,650,0.0987696,8509405260882681343
ㅃㅏ,aspiration,24.0,11.96,1437.5,877.5000000000001,0.05432328,5550786359445243102
ㅃㅐ,burst,10.0,22.0,1150,650,0.0987696,16068534686098512136
ㅃㅐ,aspiration,24.0,11.96,1437.5,877.5000000000001,0.05432328,6807712895213298341
ㅃㅑ,burst,10.0,22.0,1150,650,0.0987696,18018640992148402579
ㅃㅑ,aspiration,24.0,11.96,1437.5,877.5000000000001,0.05432328,4737734360816952976
ㅃㅒ,burst,10.0,22.0,1150,650,0.0987696,691508766017880257
ㅃㅒ,aspiration,24.0,11.96,1437.5,877.5000000000001,0.05432328,14855451754767198555
ㅃㅓ,burst,10.0,22.0,1150,650,0.0987696,13572036012125315375
ㅃㅓ,aspiration,24.0,11.96,1437.5,877.5000000000001,0.05432328,11362973057629219939
ㅃㅔ,burst,10.0,22.0,1150,650,0.0987696,1298791569532503349
ㅃㅔ,aspiration,24.0,11.96,1437.5,877.5000000000001,0.05432328,6280901439361879926
ㅃㅕ,burst,10.0,22.0,1150,650,0.0987696,7487148727739913586
ㅃㅕ,aspiration,24.0,11.96,1437.5,877.5000000000001,0.05432328,11406247893841886306
ㅃㅖ,burst,10.0,22.0,1150,650,0.0987696,2962338871692730815
ㅃㅖ,aspiration,24.0,11.96,1437.5,877.5000000000001,0.05432328,11322219754000811636
ㅃㅗ,burst,10.0,22.0,1150,650,0.0987696,6503526360885443570
ㅃㅗ,aspiration,24.0,11.96,1437.5,877.5000000000001,0.05432328,16600063375543423998
ㅃㅘ,burst,10.0,22.0,1150,650,0.0987696,3309798941355791503
ㅃㅘ,aspiration,24.0,11.96,1437.5,877.5000000000001,0.05432328,4732868372100205626
ㅃㅙ,burst,10.0,22.0,1150,650,0.0987696,3475807085291739731
ㅃㅙ,aspiration,24.0,11.96,1437.5,877.5000000000001,0.05432328,14840480606276094331
ㅃㅚ,burst,10.0,22.0,1150,650,0.0987696,10998140969732983406
ㅃㅚ,aspiration,24.0,11.96,1437.5,877.5000000000001,0.05432328,14146815696987286978
ㅃㅛ,burst,10.0,22.0,1150,650,0.0987696,3352921416979418634
ㅃㅛ,aspiration,24.0,11.96,1437.5,877.5000000000001,0.05432328,9741876498811922230
ㅃㅜ,burst,10.0,22.0,1150,650,0.0987696,10108830929691645578
ㅃㅜ,aspiration,24.0,11.96,1437.5,877.5000000000001,0.05432328,9067733694949799459
ㅃㅝ,burst,10.0,22.0,1150,650,0.0987696,9778644663630475426
ㅃㅝ,aspiration,24.0,11.96,1437.5,877.5000000000001,0.05432328,17104870165345194459
ㅃㅞ,burst,10.0,22.0,1150,650,0.0987696,12121004210303442621
ㅃㅞ,aspiration,24.0,11.96,1437.5,877.5000000000001,0.05432328,12571170594395324766
ㅃㅟ,burst,10.0,22.0,1150,650,0.0987696,18038553641260658293
ㅃㅟ,aspiration,24.0,11.96,1437.5,877.5000000000001,0.05432328,10334271414373396721
ㅃㅠ,burst,10.0,22.0,1150,650,0.0987696,9137964758247991729
ㅃㅠ,aspiration,24.0,11.96,1437.5,877.5000000000001,0.05432328,2874526744836865608
ㅃㅡ,burst,10.0,22.0,1150,650,0.0987696,6492535343435994966
ㅃㅡ,aspiration,24.0,11.96,1437.5,877.5000000000001,0.05432328,13890129246456461543
ㅃㅢ,burst,10.0,22.0,1150,650,0.0987696,7809055061723310585
ㅃㅢ,aspiration,24.0,11.96,1437.5,877.5000000000001,0.05432328,9802915341771672985
ㅃㅣ,burst,10.0,22.0,1150,650,0.0987696,12114846916728498696
ㅃㅣ,aspiration,24.0,11.96,1437.5,877.5000000000001,0.05432328,11097023750492250285
ㅅㅏ,friction,0.0,72.8,6180.0,2100,0.0640224,13549377438598363107
ㅅㅐ,friction,0.0,72.8,6180.0,2100,0.0640224,5015706724917359815
ㅅㅑ,friction,0.0,72.8,6180.0,2100,0.0640224,164824269206259961
ㅅㅒ,friction,0.0,72.8,6180.0,2100,0.0640224,18158861363498782139
ㅅㅓ,friction,0.0,72.8,6180.0,2100,0.0640224,13273772519784553197
ㅅㅔ,friction,0.0,72.8,6180.0,2100,0.0640224,1977252433567332093
ㅅㅕ,friction,0.0,72.8,6180.0,2100,0.0640224,5458023006681092286
ㅅㅖ,friction,0.0,72.8,6180.0,2100,0.0640224,16520315735762247507
ㅅㅗ,friction,0.0,72.8,6180.0,2100,0.0640224,10272369950836523893
ㅅㅘ,friction,0.0,72.8,6180.0,2100,0.0640224,18315675110860334808
ㅅㅙ,friction,0.0,72.8,6180.0,2100,0.0640224,12150118058548011648
ㅅㅚ,friction,0.0,72.8,6180.0,2100,0.0640224,15467519791000237672
ㅅㅛ,friction,0.0,72.8,6180.0,2100,0.0640224,14824060241606435319
ㅅㅜ,friction,0.0,72.8,6180.0,2100,0.0640224,2614648413383493432
ㅅㅝ,friction,0.0,72.8,6180.0,2100,0.0640224,10342706714065235945
ㅅㅞ,friction,0.0,72.8,6180.0,2100,0.0640224,5058784619957156157
ㅅㅟ,friction,0.0,72.8,6180.0,2100,0.0640224,17557143216237277672
ㅅㅠ,friction,0.0,72.8,6180.0,2100,0.0640224,17707071291964339193
ㅅㅡ,friction,0.0,72.8,6180.0,2100,0.0640224,11840884028734556538
ㅅㅢ,friction,0.0,72.8,6180.0,2100,0.0640224,15437590760576475011
ㅅㅣ,friction,0.0,72.8,6180.0,2100,0.0640224,17921908585378225624
ㅆㅏ,friction,0.0,85.28,7107.0,1800,0.0935712,16142674865732421280
ㅆㅐ,friction,0.0,85.28,7107.0,1800,0.0935712,11247815886418769103
ㅆㅑ,friction,0.0,85.28,7107.0,1800,0.0935712,11946205427116705737
ㅆㅒ,friction,0.0,85.28,7107.0,1800,0.0935712,11105988451995631141
ㅆㅓ,friction,0.0,85.28,7107.0,1800,0.0935712,13580653008654136419
ㅆㅔ,friction,0.0,85.28,7107.0,1800,0.0935712,17272329787973982415
ㅆㅕ,friction,0.0,85.28,7107.0,1800,0.0935712,2766515369292287243
ㅆㅖ,friction,0.0,85.28,7107.0,1800,0.0935712,3294728032661001788
ㅆㅗ,friction,0.0,85.28,7107.0,1800,0.0935712,11816067755865071731
ㅆㅘ,friction,0.0,85.28,7107.0,1800,0.0935712,3306073782606875463
ㅆㅙ,friction,0.0,85.28,7107.0,1800,0.0935712,3180156770894087894
ㅆㅚ,friction,0.0,85.28,7107.0,1800,0.0935712,16177238142809665617
ㅆㅛ,friction,0.0,85.28,7107.0,1800,0.0935712,13750535535404827941
ㅆㅜ,friction,0.0,85.28,7107.0,1800,0.0935712,5539437879431716895
ㅆㅝ,friction,0.0,85.28,7107.0,1800,0.0935712,13227825790848591875
ㅆㅞ,friction,0.0,85.28,7107.0,1800,0.0935712,5120916561036221080
ㅆㅟ,friction,0.0,85.28,7107.0,1800,0.0935712,8894200819187399079
ㅆㅠ,friction,0.0,85.28,7107.0,1800,0.0935712,9110675769512477457
ㅆㅡ,friction,0.0,85.28,7107.0,1800,0.0935712,16489137519928851677
ㅆㅢ,friction,0.0,85.28,7107.0,1800,0.0935712,1309518409109670097
ㅆㅣ,friction,0.0,85.28,7107.0,1800,0.0935712,4361949561086022700
ㅈㅏ,affrication,12.0,55.0,4429.0,1700,0.07458336,4694515297884239886
ㅈㅐ,affrication,12.0,55.0,4429.0,1700,0.07458336,10362269860239571726
ㅈㅑ,affrication,12.0,55.0,4429.0,1700,0.07458336,1546487650349449738
ㅈㅒ,affrication,12.0,55.0,4429.0,1700,0.07458336,12242366227470166179
ㅈㅓ,affrication,12.0,55.0,4429.0,1700,0.07458336,4773751627772356607
ㅈㅔ,affrication,12.0,55.0,4429.0,1700,0.07458336,8380128899502595596
ㅈㅕ,affrication,12.0,55.0,4429.0,1700,0.07458336,9178390637837937922
ㅈㅖ,affrication,12.0,55.0,4429.0,1700,0.07458336,17580218005176315885
ㅈㅗ,affrication,12.0,55.0,4429.0,1700,0.07458336,4395204609510502071
ㅈㅘ,affrication,12.0,55.0,4429.0,1700,0.07458336,10364869032148910463
ㅈㅙ,affrication,12.0,55.0,4429.0,1700,0.07458336,11321157646494414319
ㅈㅚ,affrication,12.0,55.0,4429.0,1700,0.07458336,12924981552960749306
ㅈㅛ,affrication,12.0,55.0,4429.0,1700,0.07458336,3551135043057296654
ㅈㅜ,affrication,12.0,55.0,4429.0,1700,0.07458336,14738191294439208351
ㅈㅝ,affrication,12.0,55.0,4429.0,1700,0.07458336,11157758761408356282
ㅈㅞ,affrication,12.0,55.0,4429.0,1700,0.07458336,286910444159314821
ㅈㅟ,affrication,12.0,55.0,4429.0,1700,0.07458336,528292352531860697
ㅈㅠ,affrication,12.0,55.0,4429.0,1700,0.07458336,10078486882265694651
ㅈㅡ,affrication,12.0,55.0,4429.0,1700,0.07458336,4219328956473756568
ㅈㅢ,affrication,12.0,55.0,4429.0,1700,0.07458336,3686658912842962164
ㅈㅣ,affrication,12.0,55.0,4429.0,1700,0.07458336,3086826255959294470
ㅉㅏ,affrication,12.0,58.0,5150.0,1550,0.1028736,9622618455921519265
ㅉㅐ,affrication,12.0,58.0,5150.0,1550,0.1028736,9412924292998767650
ㅉㅑ,affrication,12.0,58.0,5150.0,1550,0.1028736,4464063455945342985
ㅉㅒ,affrication,12.0,58.0,5150.0,1550,0.1028736,4587646798639229634
ㅉㅓ,affrication,12.0,58.0,5150.0,1550,0.1028736,10861656479293787932
ㅉㅔ,affrication,12.0,58.0,5150.0,1550,0.1028736,6775125894291994229
ㅉㅕ,affrication,12.0,58.0,5150.0,1550,0.1028736,13404822216122362642
ㅉㅖ,affrication,12.0,58.0,5150.0,1550,0.1028736,5218187496897836625
ㅉㅗ,affrication,12.0,58.0,5150.0,1550,0.1028736,1425305885763741516
ㅉㅘ,affrication,12.0,58.0,5150.0,1550,0.1028736,858458419203558994
ㅉㅙ,affrication,12.0,58.0,5150.0,1550,0.1028736,681926380979700479
ㅉㅚ,affrication,12.0,58.0,5150.0,1550,0.1028736,3990558779307532183
ㅉㅛ,affrication,12.0,58.0,5150.0,1550,0.1028736,11518232629925225411
ㅉㅜ,affrication,12.0,58.0,5150.0,1550,0.1028736,13785212268349939718
ㅉㅝ,affrication,12.0,58.0,5150.0,1550,0.1028736,10171945982136855440
ㅉㅞ,affrication,12.0,58.0,5150.0,1550,0.1028736,11385572330428087954
ㅉㅟ,affrication,12.0,58.0,5150.0,1550,0.1028736,7429640148637304913
ㅉㅠ,affrication,12.0,58.0,5150.0,1550,0.1028736,18322168262256704944
ㅉㅡ,affrication,12.0,58.0,5150.0,1550,0.1028736,3898795076184258664
ㅉㅢ,affrication,12.0,58.0,5150.0,1550,0.1028736,5067859615197922068
ㅉㅣ,affrication,12.0,58.0,5150.0,1550,0.1028736,1241052718780023105
ㅊㅏ,affrication,12.0,80.0,6077.0,1850,0.11058912,6207772639554920489
ㅊㅐ,affrication,12.0,80.0,6077.0,1850,0.11058912,7934111584486529525
ㅊㅑ,affrication,12.0,80.0,6077.0,1850,0.11058912,6637602736080053216
ㅊㅒ,affrication,12.0,80.0,6077.0,1850,0.11058912,11177294788194654482
ㅊㅓ,affrication,12.0,80.0,6077.0,1850,0.11058912,9016139787525603391
ㅊㅔ,affrication,12.0,80.0,6077.0,1850,0.11058912,16592300309208459492
ㅊㅕ,affrication,12.0,80.0,6077.0,1850,0.11058912,6415792279750625065
ㅊㅖ,affrication,12.0,80.0,6077.0,1850,0.11058912,5491973376086845664
ㅊㅗ,affrication,12.0,80.0,6077.0,1850,0.11058912,14524564318918091179
ㅊㅘ,affrication,12.0,80.0,6077.0,1850,0.11058912,13993855507965387434
ㅊㅙ,affrication,12.0,80.0,6077.0,1850,0.11058912,4694023340360884821
ㅊㅚ,affrication,12.0,80.0,6077.0,1850,0.11058912,16540532766964856794
ㅊㅛ,affrication,12.0,80.0,6077.0,1850,0.11058912,8299425836234889036
ㅊㅜ,affrication,12.0,80.0,6077.0,1850,0.11058912,9674306039295515579
ㅊㅝ,affrication,12.0,80.0,6077.0,1850,0.11058912,6731005522368304388
ㅊㅞ,affrication,12.0,80.0,6077.0,1850,0.11058912,8099221619026586088
ㅊㅟ,affrication,12.0,80.0,6077.0,1850,0.11058912,9968940838664077620
ㅊㅠ,affrication,12.0,80.0,6077.0,1850,0.11058912,15725252655532932315
ㅊㅡ,affrication,12.0,80.0,6077.0,1850,0.11058912,14370777254764351537
ㅊㅢ,affrication,12.0,80.0,6077.0,1850,0.11058912,7121505419490270809
ㅊㅣ,affrication,12.0,80.0,6077.0,1850,0.11058912,6452607906985074574
ㅋㅏ,burst,18.0,22.0,2250,1450,0.0987696,820729813196321949
ㅋㅏ,aspiration,32.0,41.4,2812.5,1957.5000000000002,0.05432328,12538345479818081881
ㅋㅐ,burst,18.0,22.0,2250,1450,0.0987696,14511876266926271552
ㅋㅐ,aspiration,32.0,41.4,2812.5,1957.5000000000002,0.05432328,15415074813254822732
ㅋㅑ,burst,18.0,22.0,2250,1450,0.0987696,15537784347759897424
ㅋㅑ,aspiration,32.0,41.4,2812.5,1957.5000000000002,0.05432328,10605525423831045324
ㅋㅒ,burst,18.0,22.0,2250,1450,0.0987696,13826084655765694534
ㅋㅒ,aspiration,32.0,41.4,2812.5,1957.5000000000002,0.05432328,221104413426300045
ㅋㅓ,burst,18.0,22.0,2250,1450,0.0987696,12398436933355978436
ㅋㅓ,aspiration,32.0,41.4,2812.5,1957.5000000000002,0.05432328,18181179181986137000
ㅋㅔ,burst,18.0,22.0,2250,1450,0.0987696,3567361300763619258
ㅋㅔ,aspiration,32.0,41.4,2812.5,1957.5000000000002,0.05432328,16908285574873358055
ㅋㅕ,burst,18.0,22.0,2250,1450,0.0987696,11917051922071932909
ㅋㅕ,aspiration,32.0,41.4,2812.5,1957.5000000000002,0.05432328,16333321478532986593
ㅋㅖ,burst,18.0,22.0,2250,1450,0.0987696,13816785787826704912
ㅋㅖ,aspiration,32.0,41.4,2812.5,1957.5000000000002,0.05432328,8155502861452719586
ㅋㅗ,burst,18.0,22.0,2250,1450,0.0987696,12974356133239199078
ㅋㅗ,aspiration,32.0,41.4,2812.5,1957.5000000000002,0.05432328,5728394020099232482
ㅋㅘ,burst,18.0,22.0,2250,1450,0.0987696,10729712040522132546
ㅋㅘ,aspiration,32.0,41.4,2812.5,1957.5000000000002,0.05432328,13683916638378599493
ㅋㅙ,burst,18.0,22.0,2250,1450,0.0987696,5597955848497864176
ㅋㅙ,aspiration,32.0,41.4,2812.5,1957.5000000000002,0.05432328,13836138161478225755
ㅋㅚ,burst,18.0,22.0,2250,1450,0.0987696,5339325249403164369
ㅋㅚ,aspiration,32.0,41.4,2812.5,1957.5000000000002,0.05432328,10362341101548215118
ㅋㅛ,burst,18.0,22.0,2250,1450,0.0987696,7430176773299242033
ㅋㅛ,aspiration,32.0,41.4,2812.5,1957.5000000000002,0.05432328,14850655860231377045
ㅋㅜ,burst,18.0,22.0,2250,1450,0.0987696,7866677945762399730
ㅋㅜ,aspiration,32.0,41.4,2812.5,1957.5000000000002,0.05432328,1661516631864952922
ㅋㅝ,burst,18.0,22.0,2250,1450,0.0987696,6872741146837329495
ㅋㅝ,aspiration,32.0,41.4,2812.5,1957.5000000000002,0.05432328,14605391559894935863
ㅋㅞ,burst,18.0,22.0,2250,1450,0.0987696,17896009368102166416
ㅋㅞ,aspiration,32.0,41.4,2812.5,1957.5000000000002,0.05432328,16950074106753433431
ㅋㅟ,burst,18.0,22.0,2250,1450,0.0987696,13224468803757626371
ㅋㅟ,aspiration,32.0,41.4,2812.5,1957.5000000000002,0.05432328,12174713326105517581
ㅋㅠ,burst,18.0,22.0,2250,1450,0.0987696,15038666517993204406
ㅋㅠ,aspiration,32.0,41.4,2812.5,1957.5000000000002,0.05432328,9482690908975148335
ㅋㅡ,burst,18.0,22.0,2250,1450,0.0987696,7272405274077486734
ㅋㅡ,aspiration,32.0,41.4,2812.5,1957.5000000000002,0.05432328,795590599322828745
ㅋㅢ,burst,18.0,22.0,2250,1450,0.0987696,14520411641015171445
ㅋㅢ,aspiration,32.0,41.4,2812.5,1957.5000000000002,0.05432328,9298474269914305125
ㅋㅣ,burst,18.0,22.0,2250,1450,0.0987696,7238595639749863788
ㅋㅣ,aspiration,32.0,41.4,2812.5,1957.5000000000002,0.05432328,2502934042315127161
ㅌㅏ,burst,18.0,22.0,4100,1700,0.1065672,17218411330891723015
ㅌㅏ,aspiration,32.0,39.56,5125.0,2295.0,0.05861196,12286271795113334989
ㅌㅐ,burst,18.0,22.0,4100,1700,0.1065672,17280117163586413393
ㅌㅐ,aspiration,32.0,39.56,5125.0,2295.0,0.05861196,12827430581720258442
ㅌㅑ,burst,18.0,22.0,4100,1700,0.1065672,16303151159037695628
ㅌㅑ,aspiration,32.0,39.56,5125.0,2295.0,0.05861196,6745847196023286837
ㅌㅒ,burst,18.0,22.0,4100,1700,0.1065672,16678656582026892022
ㅌㅒ,aspiration,32.0,39.56,5125.0,2295.0,0.05861196,14840787265732315196
ㅌㅓ,burst,18.0,22.0,4100,1700,0.1065672,3201855607154863622
ㅌㅓ,aspiration,32.0,39.56,5125.0,2295.0,0.05861196,12734750130192164311
ㅌㅔ,burst,18.0,22.0,4100,1700,0.1065672,17585392186353592909
ㅌㅔ,aspiration,32.0,39.56,5125.0,2295.0,0.05861196,14687254894058936
ㅌㅕ,burst,18.0,22.0,4100,1700,0.1065672,16901128611870610850
ㅌㅕ,aspiration,32.0,39.56,5125.0,2295.0,0.05861196,2043475909076001382
ㅌㅖ,burst,18.0,22.0,4100,1700,0.1065672,1219495576881145311
ㅌㅖ,aspiration,32.0,39.56,5125.0,2295.0,0.05861196,10967144204685739881
ㅌㅗ,burst,18.0,22.0,4100,1700,0.1065672,6548716561132910851
ㅌㅗ,aspiration,32.0,39.56,5125.0,2295.0,0.05861196,961666756404190376
ㅌㅘ,burst,18.0,22.0,4100,1700,0.1065672,208619918831783158
ㅌㅘ,aspiration,32.0,39.56,5125.0,2295.0,0.05861196,9570279797523864554
ㅌㅙ,burst,18.0,22.0,4100,1700,0.1065672,7755365967921780126
ㅌㅙ,aspiration,32.0,39.56,5125.0,2295.0,0.05861196,1911328844328311279
ㅌㅚ,burst,18.0,22.0,4100,1700,0.1065672,143208474632822280
ㅌㅚ,aspiration,32.0,39.56,5125.0,2295.0,0.05861196,16566973681496578389
ㅌㅛ,burst,18.0,22.0,4100,1700,0.1065672,10193366103086258359
ㅌㅛ,aspiration,32.0,39.56,5125.0,2295.0,0.05861196,13512282482248468160
ㅌㅜ,burst,18.0,22.0,4100,1700,0.1065672,7092829324829526939
ㅌㅜ,aspiration,32.0,39.56,5125.0,2295.0,0.05861196,15671125858388890359
ㅌㅝ,burst,18.0,22.0,4100,1700,0.1065672,9279537436113418477
ㅌㅝ,aspiration,32.0,39.56,5125.0,2295.0,0.05861196,10782807116897868657
ㅌㅞ,burst,18.0,22.0,4100,1700,0.1065672,13665407198371915438
ㅌㅞ,aspiration,32.0,39.56,5125.0,2295.0,0.05861196,11343463312169386830
ㅌㅟ,burst,18.0,22.0,4100,1700,0.1065672,13409220122607404642
ㅌㅟ,aspiration,32.0,39.56,5125.0,2295.0,0.05861196,6808855319387598464
ㅌㅠ,burst,18.0,22.0,4100,1700,0.1065672,5753803189446866100
ㅌㅠ,aspiration,32.0,39.56,5125.0,2295.0,0.05861196,7199919041874644381
ㅌㅡ,burst,18.0,22.0,4100,1700,0.1065672,5453113056028037383
ㅌㅡ,aspiration,32.0,39.56,5125.0,2295.0,0.05861196,8302204976035972530
ㅌㅢ,burst,18.0,22.0,4100,1700,0.1065672,17310954191883899436
ㅌㅢ,aspiration,32.0,39.56,5125.0,2295.0,0.05861196,5531464226475905962
ㅌㅣ,burst,18.0,22.0,4100,1700,0.1065672,7584027417767493068
ㅌㅣ,aspiration,32.0,39.56,5125.0,2295.0,0.05861196,14984875793258426180
ㅍㅏ,burst,18.0,22.0,1600,1200,0.103968,12744884908629535457
ㅍㅏ,aspiration,32.0,43.24,2000.0,1620.0,0.0571824,8319234440284024668
ㅍㅐ,burst,18.0,22.0,1600,1200,0.103968,6252439673607522901
ㅍㅐ,aspiration,32.0,43.24,2000.0,1620.0,0.0571824,6878193834633548992
ㅍㅑ,burst,18.0,22.0,1600,1200,0.103968,4006157958741045564
ㅍㅑ,aspiration,32.0,43.24,2000.0,1620.0,0.0571824,10418097783850010025
ㅍㅒ,burst,18.0,22.0,1600,1200,0.103968,12261000456673185956
ㅍㅒ,aspiration,32.0,43.24,2000.0,1620.0,0.0571824,5607639422156955758
ㅍㅓ,burst,18.0,22.0,1600,1200,0.103968,6979701263554533071
ㅍㅓ,aspiration,32.0,43.24,2000.0,1620.0,0.0571824,7826853247077376478
ㅍㅔ,burst,18.0,22.0,1600,1200,0.103968,8115526982457036487
ㅍㅔ,aspiration,32.0,43.24,2000.0,1620.0,0.0571824,1503270524526335655
ㅍㅕ,burst,18.0,22.0,1600,1200,0.103968,10034003501991791043
ㅍㅕ,aspiration,32.0,43.24,2000.0,1620.0,0.0571824,16114106430212412694
ㅍㅖ,burst,18.0,22.0,1600,1200,0.103968,5835914720783038084
ㅍㅖ,aspiration,32.0,43.24,2000.0,1620.0,0.0571824,15477009839727952355
ㅍㅗ,burst,18.0,22.0,1600,1200,0.103968,6215541919892979727
ㅍㅗ,aspiration,32.0,43.24,2000.0,1620.0,0.0571824,1496582963641721662
ㅍㅘ,burst,18.0,22.0,1600,1200,0.103968,8874265542935815783
ㅍㅘ,aspiration,32.0,43.24,2000.0,1620.0,0.0571824,10060379199147833270
ㅍㅙ,burst,18.0,22.0,1600,1200,0.103968,14895433159974002368
ㅍㅙ,aspiration,32.0,43.24,2000.0,1620.0,0.0571824,6296038549556817243
ㅍㅚ,burst,18.0,22.0,1600,1200,0.103968,15728141148389921230
ㅍㅚ,aspiration,32.0,43.24,2000.0,1620.0,0.0571824,11963229675797408252
ㅍㅛ,burst,18.0,22.0,1600,1200,0.103968,14910242713851735280
ㅍㅛ,aspiration,32.0,43.24,2000.0,1620.0,0.0571824,11001147156496077652
ㅍㅜ,burst,18.0,22.0,1600,1200,0.103968,10593220290578578677
ㅍㅜ,aspiration,32.0,43.24,2000.0,1620.0,0.0571824,14449253937731400803
ㅍㅝ,burst,18.0,22.0,1600,1200,0.103968,17150405215289277997
ㅍㅝ,aspiration,32.0,43.24,2000.0,1620.0,0.0571824,12236824716161512377
ㅍㅞ,burst,18.0,22.0,1600,1200,0.103968,17906772390214587477
ㅍㅞ,aspiration,32.0,43.24,2000.0,1620.0,0.0571824,7461656864458778912
ㅍㅟ,burst,18.0,22.0,1600,1200,0.103968,9928358821619173927
ㅍㅟ,aspiration,32.0,43.24,2000.0,1620.0,0.0571824,822002453185193413
ㅍㅠ,burst,18.0,22.0,1600,1200,0.103968,7358486478273539883
ㅍㅠ,aspiration,32.0,43.24,2000.0,1620.0,0.0571824,7599616801998218204
ㅍㅡ,burst,18.0,22.0,1600,1200,0.103968,10485971718053272036
ㅍㅡ,aspiration,32.0,43.24,2000.0,1620.0,0.0571824,2264893104026548550
ㅍㅢ,burst,18.0,22.0,1600,1200,0.103968,13711054092451785851
ㅍㅢ,aspiration,32.0,43.24,2000.0,1620.0,0.0571824,16299808138526799443
ㅍㅣ,burst,18.0,22.0,1600,1200,0.103968,7271136741359439151
ㅍㅣ,aspiration,32.0,43.24,2000.0,1620.0,0.0571824,6908212691949001351
ㅎㅏ,friction,0.0,91.52,3240.0,2700,0.0714096,63809150355361288
ㅎㅐ,friction,0.0,91.52,3240.0,2700,0.0714096,6741686139813558837
ㅎㅑ,friction,0.0,91.52,3240.0,2700,0.0714096,8028462854914355598
ㅎㅒ,friction,0.0,91.52,3240.0,2700,0.0714096,5012054335309298772
ㅎㅓ,friction,0.0,91.52,3240.0,2700,0.0714096,5131113602169796127
ㅎㅔ,friction,0.0,91.52,3240.0,2700,0.0714096,17225764475654958464
ㅎㅕ,friction,0.0,91.52,3240.0,2700,0.0714096,12075122178141697306
ㅎㅖ,friction,0.0,91.52,3240.0,2700,0.0714096,3329582181323349918
ㅎㅗ,friction,0.0,91.52,3240.0,2700,0.0714096,10122784542692111284
ㅎㅘ,friction,0.0,91.52,3240.0,2700,0.0714096,14222529193005017625
ㅎㅙ,friction,0.0,91.52,3240.0,2700,0.0714096,10351237839727675661
ㅎㅚ,friction,0.0,91.52,3240.0,2700,0.0714096,11093996337140691303
ㅎㅛ,friction,0.0,91.52,3240.0,2700,0.0714096,1971772467877464470
ㅎㅜ,friction,0.0,91.52,3240.0,2700,0.0714096,1259779998745386086
ㅎㅝ,friction,0.0,91.52,3240.0,2700,0.0714096,3543240244370172437
ㅎㅞ,friction,0.0,91.52,3240.0,2700,0.0714096,6463653829118574457
ㅎㅟ,friction,0.0,91.52,3240.0,2700,0.0714096,11578448123042096739
ㅎㅠ,friction,0.0,91.52,3240.0,2700,0.0714096,17271354449475097136
ㅎㅡ,friction,0.0,91.52,3240.0,2700,0.0714096,16778135494198124371
ㅎㅢ,friction,0.0,91.52,3240.0,2700,0.0714096,14505757650427659740
ㅎㅣ,friction,0.0,91.52,3240.0,2700,0.0714096,13483318302836221596
ㅏ-ㄱ,burst,18.0,22.0,1450,900,0.0623808,611066146251240612
ㅏ-ㄱ,aspiration,32.0,16.56,1812.5,1215.0,0.03430944,7510502518076943743
ㅏ-ㄲ,burst,10.0,22.0,1750,850,0.0935712,17686834482256847623
ㅏ-ㄲ,aspiration,24.0,12.88,2187.5,1147.5,0.05146416,9429897850915761291
ㅏ-ㄷ,burst,18.0,22.0,3200,1200,0.0701784,7666410535378362233
ㅏ-ㄷ,aspiration,32.0,14.72,4000.0,1620.0,0.03859812,16201618767383221591
ㅏ-ㄸ,burst,10.0,22.0,3600,1150,0.1013688,6031962368589435434
ㅏ-ㄸ,aspiration,24.0,11.96,4500.0,1552.5,0.05575284,18183723288696062673
ㅏ-ㄹ,liquid_tap,18.0,10.0,1800,1000,0.032832,11941752926048318747
ㅏ-ㅂ,burst,18.0,22.0,900,700,0.06498,4867098032941794525
ㅏ-ㅂ,aspiration,32.0,15.64,1125.0,945.0000000000001,0.035739,11860931457689243607
ㅏ-ㅃ,burst,10.0,22.0,1150,650,0.0987696,3599969477030021025
ㅏ-ㅃ,aspiration,24.0,11.96,1437.5,877.5000000000001,0.05432328,11410182024026653223
ㅏ-ㅅ,friction,0.0,72.8,6180.0,2100,0.0640224,10959893039903106349
ㅏ-ㅆ,friction,0.0,85.28,7107.0,1800,0.0935712,16270875112488709061
ㅏ-ㅈ,affrication,12.0,55.0,4429.0,1700,0.07458336,17445373169905943212
ㅏ-ㅉ,affrication,12.0,58.0,5150.0,1550,0.1028736,12413821089374775511
ㅏ-ㅊ,affrication,12.0,80.0,6077.0,1850,0.11058912,14444033156207247607
ㅏ-ㅋ,burst,18.0,22.0,2250,1450,0.0987696,13844787701151845872
ㅏ-ㅋ,aspiration,32.0,41.4,2812.5,1957.5000000000002,0.05432328,4650790746223092955
ㅏ-ㅌ,burst,18.0,22.0,4100,1700,0.1065672,12959608639536473464
ㅏ-ㅌ,aspiration,32.0,39.56,5125.0,2295.0,0.05861196,12278177017837510801
ㅏ-ㅍ,burst,18.0,22.0,1600,1200,0.103968,7174171289649493519
ㅏ-ㅍ,aspiration,32.0,43.24,2000.0,1620.0,0.0571824,17097635034791234349
ㅏ-ㅎ,friction,0.0,91.52,3240.0,2700,0.0714096,1409717450025313001
ㅐ-ㄱ,burst,18.0,22.0,1450,900,0.0623808,7603127566499355488
ㅐ-ㄱ,aspiration,32.0,16.56,1812.5,1215.0,0.03430944,16861796962199713164
ㅐ-ㄲ,burst,10.0,22.0,1750,850,0.0935712,3141188774132716292
ㅐ-ㄲ,aspiration,24.0,12.88,2187.5,1147.5,0.05146416,11001295209000043641
ㅐ-ㄷ,burst,18.0,22.0,3200,1200,0.0701784,14792967612549543699
ㅐ-ㄷ,aspiration,32.0,14.72,4000.0,1620.0,0.03859812,18132172398056764656
ㅐ-ㄸ,burst,10.0,22.0,3600,1150,0.1013688,3949377294038411012
ㅐ-ㄸ,aspiration,24.0,11.96,4500.0,1552.5,0.05575284,17460557310868500
ㅐ-ㄹ,liquid_tap,18.0,10.0,1800,1000,0.032832,11897198923321496468
ㅐ-ㅂ,burst,18.0,22.0,900,700,0.06498,5353179108017552729
ㅐ-ㅂ,aspiration,32.0,15.64,1125.0,945.0000000000001,0.035739,11491618953116221642
ㅐ-ㅃ,burst,10.0,22.0,1150,650,0.0987696,12566181454797846345
ㅐ-ㅃ,aspiration,24.0,11.96,1437.5,877.5000000000001,0.05432328,3875585724798340141
ㅐ-ㅅ,friction,0.0,72.8,6180.0,2100,0.0640224,9719430046550393449
ㅐ-ㅆ,friction,0.0,85.28,7107.0,1800,0.0935712,11508501252909580115
ㅐ-ㅈ,affrication,12.0,55.0,4429.0,1700,0.07458336,7643234805103312140
ㅐ-ㅉ,affrication,12.0,58.0,5150.0,1550,0.1028736,1121916378320471195
ㅐ-ㅊ,affrication,12.0,80.0,6077.0,1850,0.11058912,16111283553486021250
ㅐ-ㅋ,burst,18.0,22.0,2250,1450,0.0987696,8433231997072392058
ㅐ-ㅋ,aspiration,32.0,41.4,2812.5,1957.5000000000002,0.05432328,840929137081974765
ㅐ-ㅌ,burst,18.0,22.0,4100,1700,0.1065672,14566090538169001016
ㅐ-ㅌ,aspiration,32.0,39.56,5125.0,2295.0,0.05861196,10580855192404463850
ㅐ-ㅍ,burst,18.0,22.0,1600,1200,0.103968,15712341007985218562
ㅐ-ㅍ,aspiration,32.0,43.24,2000.0,1620.0,0.0571824,17790575950515432020
ㅐ-ㅎ,friction,0.0,91.52,3240.0,2700,0.0714096,14952217491648238900
ㅑ-ㄱ,burst,18.0,22.0,1450,900,0.0623808,11547785128501345433
ㅑ-ㄱ,aspiration,32.0,16.56,1812.5,1215.0,0.03430944,9176190938907504771
ㅑ-ㄲ,burst,10.0,22.0,1750,850,0.0935712,13596890504351665598
ㅑ-ㄲ,aspiration,24.0,12.88,2187.5,1147.5,0.05146416,15594351844918958214
ㅑ-ㄷ,burst,18.0,22.0,3200,1200,0.0701784,2951396317041619708
ㅑ-ㄷ,aspiration,32.0,14.72,4000.0,1620.0,0.03859812,6498341050963391523
ㅑ-ㄸ,burst,10.0,22.0,3600,1150,0.1013688,59683307427175840
ㅑ-ㄸ,aspiration,24.0,11.96,4500.0,1552.5,0.05575284,1405351920501500947
ㅑ-ㄹ,liquid_tap,18.0,10.0,1800,1000,0.032832,9942018317146674787
ㅑ-ㅂ,burst,18.0,22.0,900,700,0.06498,7088922806141020719
ㅑ-ㅂ,aspiration,32.0,15.64,1125.0,945.0000000000001,0.035739,11780485080089849461
ㅑ-ㅃ,burst,10.0,22.0,1150,650,0.0987696,8945847735072942730
ㅑ-ㅃ,aspiration,24.0,11.96,1437.5,877.5000000000001,0.05432328,13146094734232906302
ㅑ-ㅅ,friction,0.0,72.8,6180.0,2100,0.0640224,891006308559343769
ㅑ-ㅆ,friction,0.0,85.28,7107.0,1800,0.0935712,7334819068775463329
ㅑ-ㅈ,affrication,12.0,55.0,4429.0,1700,0.07458336,10953293867377423792
ㅑ-ㅉ,affrication,12.0,58.0,5150.0,1550,0.1028736,11188017040283847262
ㅑ-ㅊ,affrication,12.0,80.0,6077.0,1850,0.11058912,451150523341697146
ㅑ-ㅋ,burst,18.0,22.0,2250,1450,0.0987696,11868805268841559231
ㅑ-ㅋ,aspiration,32.0,41.4,2812.5,1957.5000000000002,0.05432328,9667616659738884986
ㅑ-ㅌ,burst,18.0,22.0,4100,1700,0.1065672,3195059849968924108
ㅑ-ㅌ,aspiration,32.0,39.56,5125.0,2295.0,0.05861196,1777221707149196583
ㅑ-ㅍ,burst,18.0,22.0,1600,1200,0.103968,5117967762209810584
ㅑ-ㅍ,aspiration,32.0,43.24,2000.0,1620.0,0.0571824,4043380403672540834
ㅑ-ㅎ,friction,0.0,91.52,3240.0,2700,0.0714096,2825630008560985575
ㅒ-ㄱ,burst,18.0,22.0,1450,900,0.0623808,9610791747051836313
ㅒ-ㄱ,aspiration,32.0,16.56,1812.5,1215.0,0.03430944,6489356721331890588
ㅒ-ㄲ,burst,10.0,22.0,1750,850,0.0935712,457838270788808319
ㅒ-ㄲ,aspiration,24.0,12.88,2187.5,1147.5,0.05146416,668103709997677413
ㅒ-ㄷ,burst,18.0,22.0,3200,1200,0.0701784,12804671425664666701
ㅒ-ㄷ,aspiration,32.0,14.72,4000.0,1620.0,0.03859812,15772469704072168157
ㅒ-ㄸ,burst,10.0,22.0,3600,1150,0.1013688,9922988877993592473
ㅒ-ㄸ,aspiration,24.0,11.96,4500.0,1552.5,0.05575284,9438892415030096336
ㅒ-ㄹ,liquid_tap,18.0,10.0,1800,1000,0.032832,17122378399306223296
ㅒ-ㅂ,burst,18.0,22.0,900,700,0.06498,1703556756523846252
ㅒ-ㅂ,aspiration,32.0,15.64,1125.0,945.0000000000001,0.035739,1364893465908177218
ㅒ-ㅃ,burst,10.0,22.0,1150,650,0.0987696,7920313317363510188
ㅒ-ㅃ,aspiration,24.0,11.96,1437.5,877.5000000000001,0.05432328,15558152936753893064
ㅒ-ㅅ,friction,0.0,72.8,6180.0,2100,0.0640224,12324468417811142497
ㅒ-ㅆ,friction,0.0,85.28,7107.0,1800,0.0935712,8077571942351194247
ㅒ-ㅈ,affrication,12.0,55.0,4429.0,1700,0.07458336,5031959459553810856
ㅒ-ㅉ,affrication,12.0,58.0,5150.0,1550,0.1028736,3354008161359110
ㅒ-ㅊ,affrication,12.0,80.0,6077.0,1850,0.11058912,5544026268311278483
ㅒ-ㅋ,burst,18.0,22.0,2250,1450,0.0987696,3912115003669244808
ㅒ-ㅋ,aspiration,32.0,41.4,2812.5,1957.5000000000002,0.05432328,4219056847917189680
ㅒ-ㅌ,burst,18.0,22.0,4100,1700,0.1065672,5253006133256635348
ㅒ-ㅌ,aspiration,32.0,39.56,5125.0,2295.0,0.05861196,15634974861733340761
ㅒ-ㅍ,burst,18.0,22.0,1600,1200,0.103968,12910376290524681602
ㅒ-ㅍ,aspiration,32.0,43.24,2000.0,1620.0,0.0571824,7686367193915508537
ㅒ-ㅎ,friction,0.0,91.52,3240.0,2700,0.0714096,8711394960703519209
ㅓ-ㄱ,burst,18.0,22.0,1450,900,0.0623808,2707893684099496934
ㅓ-ㄱ,aspiration,32.0,16.56,1812.5,1215.0,0.03430944,4007808453492318822
ㅓ-ㄲ,burst,10.0,22.0,1750,850,0.0935712,17032865889051593098
ㅓ-ㄲ,aspiration,24.0,12.88,2187.5,1147.5,0.05146416,12519862862414334739
ㅓ-ㄷ,burst,18.0,22.0,3200,1200,0.0701784,4796510747662007786
ㅓ-ㄷ,aspiration,32.0,14.72,4000.0,1620.0,0.03859812,17386130734186284945
ㅓ-ㄸ,burst,10.0,22.0,3600,1150,0.1013688,2144487064145322970
ㅓ-ㄸ,aspiration,24.0,11.96,4500.0,1552.5,0.05575284,15494050441270289892
ㅓ-ㄹ,liquid_tap,18.0,10.0,1800,1000,0.032832,6078694653182503226
ㅓ-ㅂ,burst,18.0,22.0,900,700,0.06498,14971832021333463477
ㅓ-ㅂ,aspiration,32.0,15.64,1125.0,945.0000000000001,0.035739,2937972964913147483
ㅓ-ㅃ,burst,10.0,22.0,1150,650,0.0987696,17674595293383494428
ㅓ-ㅃ,aspiration,24.0,11.96,1437.5,877.5000000000001,0.05432328,233338712467406945
ㅓ-ㅅ,friction,0.0,72.8,6180.0,2100,0.0640224,14713054269490328762
ㅓ-ㅆ,friction,0.0,85.28,7107.0,1800,0.0935712,16946764908824264502
ㅓ-ㅈ,affrication,12.0,55.0,4429.0,1700,0.07458336,6739307853919090691
ㅓ-ㅉ,affrication,12.0,58.0,5150.0,1550,0.1028736,15385316456341965076
ㅓ-ㅊ,affrication,12.0,80.0,6077.0,1850,0.11058912,9936749078032294396
ㅓ-ㅋ,burst,18.0,22.0,2250,1450,0.0987696,15223203757864191419
ㅓ-ㅋ,aspiration,32.0,41.4,2812.5,1957.5000000000002,0.05432328,7333748129115973387
ㅓ-ㅌ,burst,18.0,22.0,4100,1700,0.1065672,14192264205234024251
ㅓ-ㅌ,aspiration,32.0,39.56,5125.0,2295.0,0.05861196,5442058919204846200
ㅓ-ㅍ,burst,18.0,22.0,1600,1200,0.103968,18442995411744882041
ㅓ-ㅍ,aspiration,32.0,43.24,2000.0,1620.0,0.0571824,14469475240995959324
ㅓ-ㅎ,friction,0.0,91.52,3240.0,2700,0.0714096,13442036372142144203
ㅔ-ㄱ,burst,18.0,22.0,1450,900,0.0623808,17674379825479499552
ㅔ-ㄱ,aspiration,32.0,16.56,1812.5,1215.0,0.03430944,13611228054600813101
ㅔ-ㄲ,burst,10.0,22.0,1750,850,0.0935712,13147625045918312411
ㅔ-ㄲ,aspiration,24.0,12.88,2187.5,1147.5,0.05146416,5509012129537458420
ㅔ-ㄷ,burst,18.0,22.0,3200,1200,0.0701784,9785515065609882749
ㅔ-ㄷ,aspiration,32.0,14.72,4000.0,1620.0,0.03859812,11220211167515445075
ㅔ-ㄸ,burst,10.0,22.0,3600,1150,0.1013688,11367635793111790657
ㅔ-ㄸ,aspiration,24.0,11.96,4500.0,1552.5,0.05575284,13822072467162180324
ㅔ-ㄹ,liquid_tap,18.0,10.0,1800,1000,0.032832,12361246232940100234
ㅔ-ㅂ,burst,18.0,22.0,900,700,0.06498,13124191564183990260
ㅔ-ㅂ,aspiration,32.0,15.64,1125.0,945.0000000000001,0.035739,6095905033081930740
ㅔ-ㅃ,burst,10.0,22.0,1150,650,0.0987696,5469691825801731284
ㅔ-ㅃ,aspiration,24.0,11.96,1437.5,877.5000000000001,0.05432328,12726359728368446109
ㅔ-ㅅ,friction,0.0,72.8,6180.0,2100,0.0640224,9453671546356332719
ㅔ-ㅆ,friction,0.0,85.28,7107.0,1800,0.0935712,15342948882021139864
ㅔ-ㅈ,affrication,12.0,55.0,4429.0,1700,0.07458336,5516164230938368180
ㅔ-ㅉ,affrication,12.0,58.0,5150.0,1550,0.1028736,7573241766078339667
ㅔ-ㅊ,affrication,12.0,80.0,6077.0,1850,0.11058912,2160154909578723381
ㅔ-ㅋ,burst,18.0,22.0,2250,1450,0.0987696,6390553936260595014
ㅔ-ㅋ,aspiration,32.0,41.4,2812.5,1957.5000000000002,0.05432328,17220766450154246319
ㅔ-ㅌ,burst,18.0,22.0,4100,1700,0.1065672,11267983883699405128
ㅔ-ㅌ,aspiration,32.0,39.56,5125.0,2295.0,0.05861196,13717176231170561216
ㅔ-ㅍ,burst,18.0,22.0,1600,1200,0.103968,3705840897434268636
ㅔ-ㅍ,aspiration,32.0,43.24,2000.0,1620.0,0.0571824,12029898987199606495
ㅔ-ㅎ,friction,0.0,91.52,3240.0,2700,0.0714096,1748001989053960894
ㅕ-ㄱ,burst,18.0,22.0,1450,900,0.0623808,163956283692363789
ㅕ-ㄱ,aspiration,32.0,16.56,1812.5,1215.0,0.03430944,15406190259197785751
ㅕ-ㄲ,burst,10.0,22.0,1750,850,0.0935712,15732898670990656007
ㅕ-ㄲ,aspiration,24.0,12.88,2187.5,1147.5,0.05146416,5683272083284107394
ㅕ-ㄷ,burst,18.0,22.0,3200,1200,0.0701784,8944839769633596184
ㅕ-ㄷ,aspiration,32.0,14.72,4000.0,1620.0,0.03859812,5205004574862478624
ㅕ-ㄸ,burst,10.0,22.0,3600,1150,0.1013688,5229352033417966112
ㅕ-ㄸ,aspiration,24.0,11.96,4500.0,1552.5,0.05575284,16264034325920636007
ㅕ-ㄹ,liquid_tap,18.0,10.0,1800,1000,0.032832,4227938294148472903
ㅕ-ㅂ,burst,18.0,22.0,900,700,0.06498,3942575514989733603
ㅕ-ㅂ,aspiration,32.0,15.64,1125.0,945.0000000000001,0.035739,7648209732483483624
ㅕ-ㅃ,burst,10.0,22.0,1150,650,0.0987696,6457242120232386963
ㅕ-ㅃ,aspiration,24.0,11.96,1437.5,877.5000000000001,0.05432328,18033849746022377630
ㅕ-ㅅ,friction,0.0,72.8,6180.0,2100,0.0640224,6980012356958874138
ㅕ-ㅆ,friction,0.0,85.28,7107.0,1800,0.0935712,17414001696716476383
ㅕ-ㅈ,affrication,12.0,55.0,4429.0,1700,0.07458336,12657944463866299185
ㅕ-ㅉ,affrication,12.0,58.0,5150.0,1550,0.1028736,16471069092611829784
ㅕ-ㅊ,affrication,12.0,80.0,6077.0,1850,0.11058912,16941251363197724541
ㅕ-ㅋ,burst,18.0,22.0,2250,1450,0.0987696,12662384785307060199
ㅕ-ㅋ,aspiration,32.0,41.4,2812.5,1957.5000000000002,0.05432328,11419177489709617474
ㅕ-ㅌ,burst,18.0,22.0,4100,1700,0.1065672,8410096270532294556
ㅕ-ㅌ,aspiration,32.0,39.56,5125.0,2295.0,0.05861196,6226126923463854247
ㅕ-ㅍ,burst,18.0,22.0,1600,1200,0.103968,1813069360691832130
ㅕ-ㅍ,aspiration,32.0,43.24,2000.0,1620.0,0.0571824,6580849321244966307
ㅕ-ㅎ,friction,0.0,91.52,3240.0,2700,0.0714096,3898789983957897347
ㅖ-ㄱ,burst,18.0,22.0,1450,900,0.0623808,5358542260607052857
ㅖ-ㄱ,aspiration,32.0,16.56,1812.5,1215.0,0.03430944,10458484213987369588
ㅖ-ㄲ,burst,10.0,22.0,1750,850,0.0935712,697789311739664924
ㅖ-ㄲ,aspiration,24.0,12.88,2187.5,1147.5,0.05146416,15014412102757992142
ㅖ-ㄷ,burst,18.0,22.0,3200,1200,0.0701784,14581337748728753731
ㅖ-ㄷ,aspiration,32.0,14.72,4000.0,1620.0,0.03859812,3690947602871227412
ㅖ-ㄸ,burst,10.0,22.0,3600,1150,0.1013688,8192061078307813870
ㅖ-ㄸ,aspiration,24.0,11.96,4500.0,1552.5,0.05575284,412882661635703428
ㅖ-ㄹ,liquid_tap,18.0,10.0,1800,1000,0.032832,3248610457809915395
ㅖ-ㅂ,burst,18.0,22.0,900,700,0.06498,2623366014842155453
ㅖ-ㅂ,aspiration,32.0,15.64,1125.0,945.0000000000001,0.035739,10221713066624616173
ㅖ-ㅃ,burst,10.0,22.0,1150,650,0.0987696,5507339926854385880
ㅖ-ㅃ,aspiration,24.0,11.96,1437.5,877.5000000000001,0.05432328,1417855328013771268
ㅖ-ㅅ,friction,0.0,72.8,6180.0,2100,0.0640224,2875776388255879764
ㅖ-ㅆ,friction,0.0,85.28,7107.0,1800,0.0935712,12740213949960118254
ㅖ-ㅈ,affrication,12.0,55.0,4429.0,1700,0.07458336,4251553054003695423
ㅖ-ㅉ,affrication,12.0,58.0,5150.0,1550,0.1028736,17902841363001877841
ㅖ-ㅊ,affrication,12.0,80.0,6077.0,1850,0.11058912,3854433918464924263
ㅖ-ㅋ,burst,18.0,22.0,2250,1450,0.0987696,13310927455931352766
ㅖ-ㅋ,aspiration,32.0,41.4,2812.5,1957.5000000000002,0.05432328,15971814682579500173
ㅖ-ㅌ,burst,18.0,22.0,4100,1700,0.1065672,11462598908187344270
ㅖ-ㅌ,aspiration,32.0,39.56,5125.0,2295.0,0.05861196,531976557864197274
ㅖ-ㅍ,burst,18.0,22.0,1600,1200,0.103968,1556566220568713626
ㅖ-ㅍ,aspiration,32.0,43.24,2000.0,1620.0,0.0571824,9598944561676649510
ㅖ-ㅎ,friction,0.0,91.52,3240.0,2700,0.0714096,9777770505858141449
ㅗ-ㄱ,burst,18.0,22.0,1450,900,0.0623808,11688964305366478597
ㅗ-ㄱ,aspiration,32.0,16.56,1812.5,1215.0,0.03430944,10579933436308968790
ㅗ-ㄲ,burst,10.0,22.0,1750,850,0.0935712,13664748578780274553
ㅗ-ㄲ,aspiration,24.0,12.88,2187.5,1147.5,0.05146416,16950953568686599148
ㅗ-ㄷ,burst,18.0,22.0,3200,1200,0.0701784,17584581187990185970
ㅗ-ㄷ,aspiration,32.0,14.72,4000.0,1620.0,0.03859812,12262020127681661765
ㅗ-ㄸ,burst,10.0,22.0,3600,1150,0.1013688,6368644712896981239
ㅗ-ㄸ,aspiration,24.0,11.96,4500.0,1552.5,0.05575284,11817335656562094077
ㅗ-ㄹ,liquid_tap,18.0,10.0,1800,1000,0.032832,12750127062542372492
ㅗ-ㅂ,burst,18.0,22.0,900,700,0.06498,4308003107969299244
ㅗ-ㅂ,aspiration,32.0,15.64,1125.0,945.0000000000001,0.035739,3384974982437956793
ㅗ-ㅃ,burst,10.0,22.0,1150,650,0.0987696,4622780904973615936
ㅗ-ㅃ,aspiration,24.0,11.96,1437.5,877.5000000000001,0.05432328,6344036068736651302
ㅗ-ㅅ,friction,0.0,72.8,6180.0,2100,0.0640224,10134883715346085555
ㅗ-ㅆ,friction,0.0,85.28,7107.0,1800,0.0935712,3346173385527649866
ㅗ-ㅈ,affrication,12.0,55.0,4429.0,1700,0.07458336,848448021511880538
ㅗ-ㅉ,affrication,12.0,58.0,5150.0,1550,0.1028736,3056121949105091784
ㅗ-ㅊ,affrication,12.0,80.0,6077.0,1850,0.11058912,4645742116827817490
ㅗ-ㅋ,burst,18.0,22.0,2250,1450,0.0987696,16691434232845353207
ㅗ-ㅋ,aspiration,32.0,41.4,2812.5,1957.5000000000002,0.05432328,11257610617799532029
ㅗ-ㅌ,burst,18.0,22.0,4100,1700,0.1065672,7604605637637003
ㅗ-ㅌ,aspiration,32.0,39.56,5125.0,2295.0,0.05861196,14904774576753595412
ㅗ-ㅍ,burst,18.0,22.0,1600,1200,0.103968,1832536253483721284
ㅗ-ㅍ,aspiration,32.0,43.24,2000.0,1620.0,0.0571824,12401186852069356675
ㅗ-ㅎ,friction,0.0,91.52,3240.0,2700,0.0714096,8968277489776712299
ㅘ-ㄱ,burst,18.0,22.0,1450,900,0.0623808,6609446369683923341
ㅘ-ㄱ,aspiration,32.0,16.56,1812.5,1215.0,0.03430944,6299143497545408685
ㅘ-ㄲ,burst,10.0,22.0,1750,850,0.0935712,14220019562650379278
ㅘ-ㄲ,aspiration,24.0,12.88,2187.5,1147.5,0.05146416,13335172331030878179
ㅘ-ㄷ,burst,18.0,22.0,3200,1200,0.0701784,16501569003462806177
ㅘ-ㄷ,aspiration,32.0,14.72,4000.0,1620.0,0.03859812,17185138443383718245
ㅘ-ㄸ,burst,10.0,22.0,3600,1150,0.1013688,11535037658548515104
ㅘ-ㄸ,aspiration,24.0,11.96,4500.0,1552.5,0.05575284,9296759208835256861
ㅘ-ㄹ,liquid_tap,18.0,10.0,1800,1000,0.032832,15006015925465170664
ㅘ-ㅂ,burst,18.0,22.0,900,700,0.06498,11648074208732063287
ㅘ-ㅂ,aspiration,32.0,15.64,1125.0,945.0000000000001,0.035739,13149183813100034179
ㅘ-ㅃ,burst,10.0,22.0,1150,650,0.0987696,8277779501505138419
ㅘ-ㅃ,aspiration,24.0,11.96,1437.5,877.5000000000001,0.05432328,9768774396073810985
ㅘ-ㅅ,friction,0.0,72.8,6180.0,2100,0.0640224,17852751403378511897
ㅘ-ㅆ,friction,0.0,85.28,7107.0,1800,0.0935712,14752374095997049664
ㅘ-ㅈ,affrication,12.0,55.0,4429.0,1700,0.07458336,12540445157143736930
ㅘ-ㅉ,affrication,12.0,58.0,5150.0,1550,0.1028736,8945835954882373573
ㅘ-ㅊ,affrication,12.0,80.0,6077.0,1850,0.11058912,12889716073003419472
ㅘ-ㅋ,burst,18.0,22.0,2250,1450,0.0987696,10275697567449541975
ㅘ-ㅋ,aspiration,32.0,41.4,2812.5,1957.5000000000002,0.05432328,3293734707270338732
ㅘ-ㅌ,burst,18.0,22.0,4100,1700,0.1065672,7294189072702489446
ㅘ-ㅌ,aspiration,32.0,39.56,5125.0,2295.0,0.05861196,1176267741490572030
ㅘ-ㅍ,burst,18.0,22.0,1600,1200,0.103968,17646096400140007731
ㅘ-ㅍ,aspiration,32.0,43.24,2000.0,1620.0,0.0571824,3747221091977490819
ㅘ-ㅎ,friction,0.0,91.52,3240.0,2700,0.0714096,8497430023902056485
ㅙ-ㄱ,burst,18.0,22.0,1450,900,0.0623808,4602769488630330078
ㅙ-ㄱ,aspiration,32.0,16.56,1812.5,1215.0,0.03430944,1354046982478280101
ㅙ-ㄲ,burst,10.0,22.0,1750,850,0.0935712,15162125435457842902
ㅙ-ㄲ,aspiration,24.0,12.88,2187.5,1147.5,0.05146416,6959361597991630276
ㅙ-ㄷ,burst,18.0,22.0,3200,1200,0.0701784,14560133723821948751
ㅙ-ㄷ,aspiration,32.0,14.72,4000.0,1620.0,0.03859812,16175671523040044541
ㅙ-ㄸ,burst,10.0,22.0,3600,1150,0.1013688,17506421448760961951
ㅙ-ㄸ,aspiration,24.0,11.96,4500.0,1552.5,0.05575284,11646551696683016007
ㅙ-ㄹ,liquid_tap,18.0,10.0,1800,1000,0.032832,2706457766355779780
ㅙ-ㅂ,burst,18.0,22.0,900,700,0.06498,6446726635513236985
ㅙ-ㅂ,aspiration,32.0,15.64,1125.0,945.0000000000001,0.035739,1348015459072727979
ㅙ-ㅃ,burst,10.0,22.0,1150,650,0.0987696,14595053916628696390
ㅙ-ㅃ,aspiration,24.0,11.96,1437.5,877.5000000000001,0.05432328,4484671375365839687
ㅙ-ㅅ,friction,0.0,72.8,6180.0,2100,0.0640224,17889512692664227044
ㅙ-ㅆ,friction,0.0,85.28,7107.0,1800,0.0935712,5614129474487251548
ㅙ-ㅈ,affrication,12.0,55.0,4429.0,1700,0.07458336,4798960162461691719
ㅙ-ㅉ,affrication,12.0,58.0,5150.0,1550,0.1028736,15830516799442936619
ㅙ-ㅊ,affrication,12.0,80.0,6077.0,1850,0.11058912,13280449507649667540
ㅙ-ㅋ,burst,18.0,22.0,2250,1450,0.0987696,15441326376838348661
ㅙ-ㅋ,aspiration,32.0,41.4,2812.5,1957.5000000000002,0.05432328,15157134513873927307
ㅙ-ㅌ,burst,18.0,22.0,4100,1700,0.1065672,5945257024163625892
ㅙ-ㅌ,aspiration,32.0,39.56,5125.0,2295.0,0.05861196,3412082354745239279
ㅙ-ㅍ,burst,18.0,22.0,1600,1200,0.103968,16857459052861220945
ㅙ-ㅍ,aspiration,32.0,43.24,2000.0,1620.0,0.0571824,3614824781017638078
ㅙ-ㅎ,friction,0.0,91.52,3240.0,2700,0.0714096,9734993522094467385
ㅚ-ㄱ,burst,18.0,22.0,1450,900,0.0623808,11561678957211621103
ㅚ-ㄱ,aspiration,32.0,16.56,1812.5,1215.0,0.03430944,453214401645763581
ㅚ-ㄲ,burst,10.0,22.0,1750,850,0.0935712,7019022890532284699
ㅚ-ㄲ,aspiration,24.0,12.88,2187.5,1147.5,0.05146416,10923335653393568903
ㅚ-ㄷ,burst,18.0,22.0,3200,1200,0.0701784,17764225919586060030
ㅚ-ㄷ,aspiration,32.0,14.72,4000.0,1620.0,0.03859812,1866864154015923103
ㅚ-ㄸ,burst,10.0,22.0,3600,1150,0.1013688,16187635924558569576
ㅚ-ㄸ,aspiration,24.0,11.96,4500.0,1552.5,0.05575284,15344877226448086577
ㅚ-ㄹ,liquid_tap,18.0,10.0,1800,1000,0.032832,18122461296335970847
ㅚ-ㅂ,burst,18.0,22.0,900,700,0.06498,1407260333294569756
ㅚ-ㅂ,aspiration,32.0,15.64,1125.0,945.0000000000001,0.035739,8229269186940748331
ㅚ-ㅃ,burst,10.0,22.0,1150,650,0.0987696,11725039125481007263
ㅚ-ㅃ,aspiration,24.0,11.96,1437.5,877.5000000000001,0.05432328,2016763243947498825
ㅚ-ㅅ,friction,0.0,72.8,6180.0,2100,0.0640224,14432762199811162791
ㅚ-ㅆ,friction,0.0,85.28,7107.0,1800,0.0935712,2577155762343430493
ㅚ-ㅈ,affrication,12.0,55.0,4429.0,1700,0.07458336,8996897982762877878
ㅚ-ㅉ,affrication,12.0,58.0,5150.0,1550,0.1028736,11775674124457348412
ㅚ-ㅊ,affrication,12.0,80.0,6077.0,1850,0.11058912,6814425909279443342
ㅚ-ㅋ,burst,18.0,22.0,2250,1450,0.0987696,2104627407056628534
ㅚ-ㅋ,aspiration,32.0,41.4,2812.5,1957.5000000000002,0.05432328,1191919307799592956
ㅚ-ㅌ,burst,18.0,22.0,4100,1700,0.1065672,15433431130592815262
ㅚ-ㅌ,aspiration,32.0,39.56,5125.0,2295.0,0.05861196,7671289394985889995
ㅚ-ㅍ,burst,18.0,22.0,1600,1200,0.103968,6910654622744147946
ㅚ-ㅍ,aspiration,32.0,43.24,2000.0,1620.0,0.0571824,14741668597011230240
ㅚ-ㅎ,friction,0.0,91.52,3240.0,2700,0.0714096,7400075604751139353
ㅛ-ㄱ,burst,18.0,22.0,1450,900,0.0623808,1494929770838953052
ㅛ-ㄱ,aspiration,32.0,16.56,1812.5,1215.0,0.03430944,13246550556687100298
ㅛ-ㄲ,burst,10.0,22.0,1750,850,0.0935712,9763475317646143371
ㅛ-ㄲ,aspiration,24.0,12.88,2187.5,1147.5,0.05146416,14777413678578582025
ㅛ-ㄷ,burst,18.0,22.0,3200,1200,0.0701784,1577471670206043475
ㅛ-ㄷ,aspiration,32.0,14.72,4000.0,1620.0,0.03859812,6540065782707132664
ㅛ-ㄸ,burst,10.0,22.0,3600,1150,0.1013688,8469149359229515232
ㅛ-ㄸ,aspiration,24.0,11.96,4500.0,1552.5,0.05575284,11926805917179873132
ㅛ-ㄹ,liquid_tap,18.0,10.0,1800,1000,0.032832,3520193354137160588
ㅛ-ㅂ,burst,18.0,22.0,900,700,0.06498,9326353823235015533
ㅛ-ㅂ,aspiration,32.0,15.64,1125.0,945.0000000000001,0.035739,8885577197042185973
ㅛ-ㅃ,burst,10.0,22.0,1150,650,0.0987696,7373776732681369972
ㅛ-ㅃ,aspiration,24.0,11.96,1437.5,877.5000000000001,0.05432328,15767622913086687499
ㅛ-ㅅ,friction,0.0,72.8,6180.0,2100,0.0640224,1032839473958627915
ㅛ-ㅆ,friction,0.0,85.28,7107.0,1800,0.0935712,5510044721779211980
ㅛ-ㅈ,affrication,12.0,55.0,4429.0,1700,0.07458336,59940273360280666
ㅛ-ㅉ,affrication,12.0,58.0,5150.0,1550,0.1028736,15709540045136930454
ㅛ-ㅊ,affrication,12.0,80.0,6077.0,1850,0.11058912,6034280926440431963
ㅛ-ㅋ,burst,18.0,22.0,2250,1450,0.0987696,11111020608050865788
ㅛ-ㅋ,aspiration,32.0,41.4,2812.5,1957.5000000000002,0.05432328,6744416810987190319
ㅛ-ㅌ,burst,18.0,22.0,4100,1700,0.1065672,3727918901920953909
ㅛ-ㅌ,aspiration,32.0,39.56,5125.0,2295.0,0.05861196,8502611049154748131
ㅛ-ㅍ,burst,18.0,22.0,1600,1200,0.103968,3890826422756258852
ㅛ-ㅍ,aspiration,32.0,43.24,2000.0,1620.0,0.0571824,17486485673386869887
ㅛ-ㅎ,friction,0.0,91.52,3240.0,2700,0.0714096,12040444544888307621
ㅜ-ㄱ,burst,18.0,22.0,1450,900,0.0623808,1720683186069874250
ㅜ-ㄱ,aspiration,32.0,16.56,1812.5,1215.0,0.03430944,5325363443802988834
ㅜ-ㄲ,burst,10.0,22.0,1750,850,0.0935712,1479220283510104834
ㅜ-ㄲ,aspiration,24.0,12.88,2187.5,1147.5,0.05146416,10643160812926601877
ㅜ-ㄷ,burst,18.0,22.0,3200,1200,0.0701784,916059081725403152
ㅜ-ㄷ,aspiration,32.0,14.72,4000.0,1620.0,0.03859812,7439825040989523764
ㅜ-ㄸ,burst,10.0,22.0,3600,1150,0.1013688,3931799486118378470
ㅜ-ㄸ,aspiration,24.0,11.96,4500.0,1552.5,0.05575284,6401815476379597605
ㅜ-ㄹ,liquid_tap,18.0,10.0,1800,1000,0.032832,13204419857626909193
ㅜ-ㅂ,burst,18.0,22.0,900,700,0.06498,13564822912509649977
ㅜ-ㅂ,aspiration,32.0,15.64,1125.0,945.0000000000001,0.035739,7547886561297050564
ㅜ-ㅃ,burst,10.0,22.0,1150,650,0.0987696,11663487290580814269
ㅜ-ㅃ,aspiration,24.0,11.96,1437.5,877.5000000000001,0.05432328,8277635334802450359
ㅜ-ㅅ,friction,0.0,72.8,6180.0,2100,0.0640224,7366503829914505004
ㅜ-ㅆ,friction,0.0,85.28,7107.0,1800,0.0935712,2679192726954515309
ㅜ-ㅈ,affrication,12.0,55.0,4429.0,1700,0.07458336,15716014812220324150
ㅜ-ㅉ,affrication,12.0,58.0,5150.0,1550,0.1028736,1289058922776935634
ㅜ-ㅊ,affrication,12.0,80.0,6077.0,1850,0.11058912,12705922519620766037
ㅜ-ㅋ,burst,18.0,22.0,2250,1450,0.0987696,509924979924620511
ㅜ-ㅋ,aspiration,32.0,41.4,2812.5,1957.5000000000002,0.05432328,4174463455858091626
ㅜ-ㅌ,burst,18.0,22.0,4100,1700,0.1065672,8380424881897589479
ㅜ-ㅌ,aspiration,32.0,39.56,5125.0,2295.0,0.05861196,7773700571004419517
ㅜ-ㅍ,burst,18.0,22.0,1600,1200,0.103968,1946933591958522294
ㅜ-ㅍ,aspiration,32.0,43.24,2000.0,1620.0,0.0571824,9548522631237435650
ㅜ-ㅎ,friction,0.0,91.52,3240.0,2700,0.0714096,2234426127445849027
ㅝ-ㄱ,burst,18.0,22.0,1450,900,0.0623808,13530629524228875005
ㅝ-ㄱ,aspiration,32.0,16.56,1812.5,1215.0,0.03430944,16160321140448112523
ㅝ-ㄲ,burst,10.0,22.0,1750,850,0.0935712,12393422309878956491
ㅝ-ㄲ,aspiration,24.0,12.88,2187.5,1147.5,0.05146416,11878405270685832137
ㅝ-ㄷ,burst,18.0,22.0,3200,1200,0.0701784,225473217531252170
ㅝ-ㄷ,aspiration,32.0,14.72,4000.0,1620.0,0.03859812,15160006401863623523
ㅝ-ㄸ,burst,10.0,22.0,3600,1150,0.1013688,17374457462638090913
ㅝ-ㄸ,aspiration,24.0,11.96,4500.0,1552.5,0.05575284,17823150103001642142
ㅝ-ㄹ,liquid_tap,18.0,10.0,1800,1000,0.032832,1802671651386267443
ㅝ-ㅂ,burst,18.0,22.0,900,700,0.06498,10621511219597288774
ㅝ-ㅂ,aspiration,32.0,15.64,1125.0,945.0000000000001,0.035739,6102832364644418909
ㅝ-ㅃ,burst,10.0,22.0,1150,650,0.0987696,3144123379614706263
ㅝ-ㅃ,aspiration,24.0,11.96,1437.5,877.5000000000001,0.05432328,18231234141644899579
ㅝ-ㅅ,friction,0.0,72.8,6180.0,2100,0.0640224,7023230007618490781
ㅝ-ㅆ,friction,0.0,85.28,7107.0,1800,0.0935712,14895759432474230714
ㅝ-ㅈ,affrication,12.0,55.0,4429.0,1700,0.07458336,1157301051323596008
ㅝ-ㅉ,affrication,12.0,58.0,5150.0,1550,0.1028736,10764139512372787544
ㅝ-ㅊ,affrication,12.0,80.0,6077.0,1850,0.11058912,9102285498178734288
ㅝ-ㅋ,burst,18.0,22.0,2250,1450,0.0987696,2250774935129522098
ㅝ-ㅋ,aspiration,32.0,41.4,2812.5,1957.5000000000002,0.05432328,7490989318564896053
ㅝ-ㅌ,burst,18.0,22.0,4100,1700,0.1065672,34002360235844821
ㅝ-ㅌ,aspiration,32.0,39.56,5125.0,2295.0,0.05861196,16416554186963767087
ㅝ-ㅍ,burst,18.0,22.0,1600,1200,0.103968,9237991637232947908
ㅝ-ㅍ,aspiration,32.0,43.24,2000.0,1620.0,0.0571824,5232959793165336946
ㅝ-ㅎ,friction,0.0,91.52,3240.0,2700,0.0714096,5132265821554256886
ㅞ-ㄱ,burst,18.0,22.0,1450,900,0.0623808,705591831939593393
ㅞ-ㄱ,aspiration,32.0,16.56,1812.5,1215.0,0.03430944,9630506009926558409
ㅞ-ㄲ,burst,10.0,22.0,1750,850,0.0935712,5799206932436849000
ㅞ-ㄲ,aspiration,24.0,12.88,2187.5,1147.5,0.05146416,16097309320634081894
ㅞ-ㄷ,burst,18.0,22.0,3200,1200,0.0701784,1301074717554667583
ㅞ-ㄷ,aspiration,32.0,14.72,4000.0,1620.0,0.03859812,10242632476801722729
ㅞ-ㄸ,burst,10.0,22.0,3600,1150,0.1013688,11295843245771158769
ㅞ-ㄸ,aspiration,24.0,11.96,4500.0,1552.5,0.05575284,11014619652346322840
ㅞ-ㄹ,liquid_tap,18.0,10.0,1800,1000,0.032832,5774518761797400272
ㅞ-ㅂ,burst,18.0,22.0,900,700,0.06498,14441483117680084697
ㅞ-ㅂ,aspiration,32.0,15.64,1125.0,945.0000000000001,0.035739,4394236704118282914
ㅞ-ㅃ,burst,10.0,22.0,1150,650,0.0987696,2071515494725700872
ㅞ-ㅃ,aspiration,24.0,11.96,1437.5,877.5000000000001,0.05432328,3020177490384886590
ㅞ-ㅅ,friction,0.0,72.8,6180.0,2100,0.0640224,10211762357617917350
ㅞ-ㅆ,friction,0.0,85.28,7107.0,1800,0.0935712,6626265547824317485
ㅞ-ㅈ,affrication,12.0,55.0,4429.0,1700,0.07458336,1383410800618549237
ㅞ-ㅉ,affrication,12.0,58.0,5150.0,1550,0.1028736,13750739875471377350
ㅞ-ㅊ,affrication,12.0,80.0,6077.0,1850,0.11058912,7146841357169814277
ㅞ-ㅋ,burst,18.0,22.0,2250,1450,0.0987696,2613903806699975377
ㅞ-ㅋ,aspiration,32.0,41.4,2812.5,1957.5000000000002,0.05432328,6740436336566831533
ㅞ-ㅌ,burst,18.0,22.0,4100,1700,0.1065672,13811315315518593453
ㅞ-ㅌ,aspiration,32.0,39.56,5125.0,2295.0,0.05861196,11990446182859308270
ㅞ-ㅍ,burst,18.0,22.0,1600,1200,0.103968,13651123196955181040
ㅞ-ㅍ,aspiration,32.0,43.24,2000.0,1620.0,0.0571824,15865644878694952340
ㅞ-ㅎ,friction,0.0,91.52,3240.0,2700,0.0714096,2393069383257713456
ㅟ-ㄱ,burst,18.0,22.0,1450,900,0.0623808,14156345218398285701
ㅟ-ㄱ,aspiration,32.0,16.56,1812.5,1215.0,0.03430944,6957670986752631657
ㅟ-ㄲ,burst,10.0,22.0,1750,850,0.0935712,4639080952688918284
ㅟ-ㄲ,aspiration,24.0,12.88,2187.5,1147.5,0.05146416,54251076591871370
ㅟ-ㄷ,burst,18.0,22.0,3200,1200,0.0701784,985347619808637191
ㅟ-ㄷ,aspiration,32.0,14.72,4000.0,1620.0,0.03859812,12851327724372200799
ㅟ-ㄸ,burst,10.0,22.0,3600,1150,0.1013688,11847053601806365921
ㅟ-ㄸ,aspiration,24.0,11.96,4500.0,1552.5,0.05575284,5796668265468491663
ㅟ-ㄹ,liquid_tap,18.0,10.0,1800,1000,0.032832,15509413489621355641
ㅟ-ㅂ,burst,18.0,22.0,900,700,0.06498,5929716990492103313
ㅟ-ㅂ,aspiration,32.0,15.64,1125.0,945.0000000000001,0.035739,5142430507037428432
ㅟ-ㅃ,burst,10.0,22.0,1150,650,0.0987696,11088103600741561946
ㅟ-ㅃ,aspiration,24.0,11.96,1437.5,877.5000000000001,0.05432328,4916368969716043848
ㅟ-ㅅ,friction,0.0,72.8,6180.0,2100,0.0640224,1774152414666954211
ㅟ-ㅆ,friction,0.0,85.28,7107.0,1800,0.0935712,4694570947146684154
ㅟ-ㅈ,affrication,12.0,55.0,4429.0,1700,0.07458336,7943201177061579949
ㅟ-ㅉ,affrication,12.0,58.0,5150.0,1550,0.1028736,8155147162530149517
ㅟ-ㅊ,affrication,12.0,80.0,6077.0,1850,0.11058912,11652071922147237170
ㅟ-ㅋ,burst,18.0,22.0,2250,1450,0.0987696,4617203998145654946
ㅟ-ㅋ,aspiration,32.0,41.4,2812.5,1957.5000000000002,0.05432328,3144636544277320536
ㅟ-ㅌ,burst,18.0,22.0,4100,1700,0.1065672,10579047546811322166
ㅟ-ㅌ,aspiration,32.0,39.56,5125.0,2295.0,0.05861196,2526410499079589824
ㅟ-ㅍ,burst,18.0,22.0,1600,1200,0.103968,15589204586960738188
ㅟ-ㅍ,aspiration,32.0,43.24,2000.0,1620.0,0.0571824,4935076457401153267
ㅟ-ㅎ,friction,0.0,91.52,3240.0,2700,0.0714096,18124479840329335659
ㅠ-ㄱ,burst,18.0,22.0,1450,900,0.0623808,15826998276861572612
ㅠ-ㄱ,aspiration,32.0,16.56,1812.5,1215.0,0.03430944,12902821037675918807
ㅠ-ㄲ,burst,10.0,22.0,1750,850,0.0935712,12664457898436142071
ㅠ-ㄲ,aspiration,24.0,12.88,2187.5,1147.5,0.05146416,7242530326465551448
ㅠ-ㄷ,burst,18.0,22.0,3200,1200,0.0701784,3231357773726842773
ㅠ-ㄷ,aspiration,32.0,14.72,4000.0,1620.0,0.03859812,13495421857713012246
ㅠ-ㄸ,burst,10.0,22.0,3600,1150,0.1013688,8988192959730910560
ㅠ-ㄸ,aspiration,24.0,11.96,4500.0,1552.5,0.05575284,4433403723805531491
ㅠ-ㄹ,liquid_tap,18.0,10.0,1800,1000,0.032832,17876566477104468601
ㅠ-ㅂ,burst,18.0,22.0,900,700,0.06498,13211534153850507320
ㅠ-ㅂ,aspiration,32.0,15.64,1125.0,945.0000000000001,0.035739,16229816032140616194
ㅠ-ㅃ,burst,10.0,22.0,1150,650,0.0987696,14512046804326736662
ㅠ-ㅃ,aspiration,24.0,11.96,1437.5,877.5000000000001,0.05432328,6130349773484205169
ㅠ-ㅅ,friction,0.0,72.8,6180.0,2100,0.0640224,17359880319930653805
ㅠ-ㅆ,friction,0.0,85.28,7107.0,1800,0.0935712,379423803589333293
ㅠ-ㅈ,affrication,12.0,55.0,4429.0,1700,0.07458336,9108636560688985078
ㅠ-ㅉ,affrication,12.0,58.0,5150.0,1550,0.1028736,16897417874428146601
ㅠ-ㅊ,affrication,12.0,80.0,6077.0,1850,0.11058912,9281335288144975342
ㅠ-ㅋ,burst,18.0,22.0,2250,1450,0.0987696,6700942369461403454
ㅠ-ㅋ,aspiration,32.0,41.4,2812.5,1957.5000000000002,0.05432328,16502464055850211853
ㅠ-ㅌ,burst,18.0,22.0,4100,1700,0.1065672,2965908386250332244
ㅠ-ㅌ,aspiration,32.0,39.56,5125.0,2295.0,0.05861196,15636877610736084623
ㅠ-ㅍ,burst,18.0,22.0,1600,1200,0.103968,7180013149640259664
ㅠ-ㅍ,aspiration,32.0,43.24,2000.0,1620.0,0.0571824,1210302118447013412
ㅠ-ㅎ,friction,0.0,91.52,3240.0,2700,0.0714096,17517738193323509473
ㅡ-ㄱ,burst,18.0,22.0,1450,900,0.0623808,5561901911190340253
ㅡ-ㄱ,aspiration,32.0,16.56,1812.5,1215.0,0.03430944,1453347817704731467
ㅡ-ㄲ,burst,10.0,22.0,1750,850,0.0935712,8472398301276091429
ㅡ-ㄲ,aspiration,24.0,12.88,2187.5,1147.5,0.05146416,15854383838350432677
ㅡ-ㄷ,burst,18.0,22.0,3200,1200,0.0701784,2157880535381028373
ㅡ-ㄷ,aspiration,32.0,14.72,4000.0,1620.0,0.03859812,8895830139625245200
ㅡ-ㄸ,burst,10.0,22.0,3600,1150,0.1013688,17831129879946474584
ㅡ-ㄸ,aspiration,24.0,11.96,4500.0,1552.5,0.05575284,15763670326564149491
ㅡ-ㄹ,liquid_tap,18.0,10.0,1800,1000,0.032832,948172200579296528
ㅡ-ㅂ,burst,18.0,22.0,900,700,0.06498,16386807417370845902
ㅡ-ㅂ,aspiration,32.0,15.64,1125.0,945.0000000000001,0.035739,3334006400453965321
ㅡ-ㅃ,burst,10.0,22.0,1150,650,0.0987696,17583127500320071256
ㅡ-ㅃ,aspiration,24.0,11.96,1437.5,877.5000000000001,0.05432328,17922391689903538539
ㅡ-ㅅ,friction,0.0,72.8,6180.0,2100,0.0640224,16881772111935162510
ㅡ-ㅆ,friction,0.0,85.28,7107.0,1800,0.0935712,1172483310121791452
ㅡ-ㅈ,affrication,12.0,55.0,4429.0,1700,0.07458336,1004804383435865196
ㅡ-ㅉ,affrication,12.0,58.0,5150.0,1550,0.1028736,17089808243349891529
ㅡ-ㅊ,affrication,12.0,80.0,6077.0,1850,0.11058912,14624194749669175411
ㅡ-ㅋ,burst,18.0,22.0,2250,1450,0.0987696,944809023746861866
ㅡ-ㅋ,aspiration,32.0,41.4,2812.5,1957.5000000000002,0.05432328,14326655292056196815
ㅡ-ㅌ,burst,18.0,22.0,4100,1700,0.1065672,15823322514489399622
ㅡ-ㅌ,aspiration,32.0,39.56,5125.0,2295.0,0.05861196,12359971060482748297
ㅡ-ㅍ,burst,18.0,22.0,1600,1200,0.103968,12215127018272045718
ㅡ-ㅍ,aspiration,32.0,43.24,2000.0,1620.0,0.0571824,15063400312095162905
ㅡ-ㅎ,friction,0.0,91.52,3240.0,2700,0.0714096,523794080005631972
ㅢ-ㄱ,burst,18.0,22.0,1450,900,0.0623808,2145768757355812262
ㅢ-ㄱ,aspiration,32.0,16.56,1812.5,1215.0,0.03430944,11211756770578926883
ㅢ-ㄲ,burst,10.0,22.0,1750,850,0.0935712,8224383193458204858
ㅢ-ㄲ,aspiration,24.0,12.88,2187.5,1147.5,0.05146416,16056369228606996594
ㅢ-ㄷ,burst,18.0,22.0,3200,1200,0.0701784,14651136075480430514
ㅢ-ㄷ,aspiration,32.0,14.72,4000.0,1620.0,0.03859812,10422015657339693451
ㅢ-ㄸ,burst,10.0,22.0,3600,1150,0.1013688,4330609200070734034
ㅢ-ㄸ,aspiration,24.0,11.96,4500.0,1552.5,0.05575284,5424650479485418226
ㅢ-ㄹ,liquid_tap,18.0,10.0,1800,1000,0.032832,8164343318633690941
ㅢ-ㅂ,burst,18.0,22.0,900,700,0.06498,6056055110710744848
ㅢ-ㅂ,aspiration,32.0,15.64,1125.0,945.0000000000001,0.035739,15570470806817999665
ㅢ-ㅃ,burst,10.0,22.0,1150,650,0.0987696,17052349267039398195
ㅢ-ㅃ,aspiration,24.0,11.96,1437.5,877.5000000000001,0.05432328,15840022314422208126
ㅢ-ㅅ,friction,0.0,72.8,6180.0,2100,0.0640224,9580948768557798382
ㅢ-ㅆ,friction,0.0,85.28,7107.0,1800,0.0935712,14083089969632504762
ㅢ-ㅈ,affrication,12.0,55.0,4429.0,1700,0.07458336,15128004450434602204
ㅢ-ㅉ,affrication,12.0,58.0,5150.0,1550,0.1028736,787629726329783060
ㅢ-ㅊ,affrication,12.0,80.0,6077.0,1850,0.11058912,5308301530644177060
ㅢ-ㅋ,burst,18.0,22.0,2250,1450,0.0987696,18217973761339428679
ㅢ-ㅋ,aspiration,32.0,41.4,2812.5,1957.5000000000002,0.05432328,11461220788526796881
ㅢ-ㅌ,burst,18.0,22.0,4100,1700,0.1065672,15960227146145668912
ㅢ-ㅌ,aspiration,32.0,39.56,5125.0,2295.0,0.05861196,4836182932509977865
ㅢ-ㅍ,burst,18.0,22.0,1600,1200,0.103968,1787462008996237871
ㅢ-ㅍ,aspiration,32.0,43.24,2000.0,1620.0,0.0571824,4455323681653683267
ㅢ-ㅎ,friction,0.0,91.52,3240.0,2700,0.0714096,13623767193158012788
ㅣ-ㄱ,burst,18.0,22.0,1450,900,0.0623808,3711806904921831606
ㅣ-ㄱ,aspiration,32.0,16.56,1812.5,1215.0,0.03430944,13492289940706560301
ㅣ-ㄲ,burst,10.0,22.0,1750,850,0.0935712,1138487167219122472
ㅣ-ㄲ,aspiration,24.0,12.88,2187.5,1147.5,0.05146416,2684426230219375825
ㅣ-ㄷ,burst,18.0,22.0,3200,1200,0.0701784,1584596614209450507
ㅣ-ㄷ,aspiration,32.0,14.72,4000.0,1620.0,0.03859812,1030082358250535064
ㅣ-ㄸ,burst,10.0,22.0,3600,1150,0.1013688,11984090004200474032
ㅣ-ㄸ,aspiration,24.0,11.96,4500.0,1552.5,0.05575284,14805800521852991567
ㅣ-ㄹ,liquid_tap,18.0,10.0,1800,1000,0.032832,2535289702903979653
ㅣ-ㅂ,burst,18.0,22.0,900,700,0.06498,2942493753350159908
ㅣ-ㅂ,aspiration,32.0,15.64,1125.0,945.0000000000001,0.035739,14677645356485088097
ㅣ-ㅃ,burst,10.0,22.0,1150,650,0.0987696,7077264840892094375
ㅣ-ㅃ,aspiration,24.0,11.96,1437.5,877.5000000000001,0.05432328,2174768358214872269
ㅣ-ㅅ,friction,0.0,72.8,6180.0,2100,0.0640224,1212832022382743298
ㅣ-ㅆ,friction,0.0,85.28,7107.0,1800,0.0935712,11327655156682301865
ㅣ-ㅈ,affrication,12.0,55.0,4429.0,1700,0.07458336,15152437839333125878
ㅣ-ㅉ,affrication,12.0,58.0,5150.0,1550,0.1028736,5721740512033116234
ㅣ-ㅊ,affrication,12.0,80.0,6077.0,1850,0.11058912,5745948465577958970
ㅣ-ㅋ,burst,18.0,22.0,2250,1450,0.0987696,8758765262647052349
ㅣ-ㅋ,aspiration,32.0,41.4,2812.5,1957.5000000000002,0.05432328,15912784767796372581
ㅣ-ㅌ,burst,18.0,22.0,4100,1700,0.1065672,15388619084038252496
ㅣ-ㅌ,aspiration,32.0,39.56,5125.0,2295.0,0.05861196,3909663242840761188
ㅣ-ㅍ,burst,18.0,22.0,1600,1200,0.103968,1845616855490449241
ㅣ-ㅍ,aspiration,32.0,43.24,2000.0,1620.0,0.0571824,16246440836579213174
ㅣ-ㅎ,friction,0.0,91.52,3240.0,2700,0.0714096,5961199844668798632
ㅏㄱ,unreleased_coda,124.0,10.0,1450,900,0.00436666,7029203567405944514
ㅏㄷ,unreleased_coda,124.0,10.0,3200,1200,0.00491249,3638638456803003321
ㅏㅂ,unreleased_coda,124.0,10.0,900,700,0.0045486,18102551285410954550
ㅐㄱ,unreleased_coda,124.0,10.0,1450,900,0.00436666,2774281745584034296
ㅐㄷ,unreleased_coda,124.0,10.0,3200,1200,0.00491249,10286046684705009812
ㅐㅂ,unreleased_coda,124.0,10.0,900,700,0.0045486,16403109364168066747
ㅑㄱ,unreleased_coda,124.0,10.0,1450,900,0.00436666,13989682636747378631
ㅑㄷ,unreleased_coda,124.0,10.0,3200,1200,0.00491249,8382419624828061550
ㅑㅂ,unreleased_coda,124.0,10.0,900,700,0.0045486,15631236135973729540
ㅒㄱ,unreleased_coda,124.0,10.0,1450,900,0.00436666,4085887132100966425
ㅒㄷ,unreleased_coda,124.0,10.0,3200,1200,0.00491249,12121089016976958412
ㅒㅂ,unreleased_coda,124.0,10.0,900,700,0.0045486,10285101982400047226
ㅓㄱ,unreleased_coda,124.0,10.0,1450,900,0.00436666,14113655590047190441
ㅓㄷ,unreleased_coda,124.0,10.0,3200,1200,0.00491249,2926447526694431388
ㅓㅂ,unreleased_coda,124.0,10.0,900,700,0.0045486,14142169354484493410
ㅔㄱ,unreleased_coda,124.0,10.0,1450,900,0.00436666,3686851464559327650
ㅔㄷ,unreleased_coda,124.0,10.0,3200,1200,0.00491249,1286953956320895827
ㅔㅂ,unreleased_coda,124.0,10.0,900,700,0.0045486,6159186705598436568
ㅕㄱ,unreleased_coda,124.0,10.0,1450,900,0.00436666,11399960545717425409
ㅕㄷ,unreleased_coda,124.0,10.0,3200,1200,0.00491249,4779295873521754301
ㅕㅂ,unreleased_coda,124.0,10.0,900,700,0.0045486,16011268133837030229
ㅖㄱ,unreleased_coda,124.0,10.0,1450,900,0.00436666,2808931831455476922
ㅖㄷ,unreleased_coda,124.0,10.0,3200,1200,0.00491249,15221212596842745037
ㅖㅂ,unreleased_coda,124.0,10.0,900,700,0.0045486,6986902772467787178
ㅗㄱ,unreleased_coda,124.0,10.0,1450,900,0.00436666,6325374195450535133
ㅗㄷ,unreleased_coda,124.0,10.0,3200,1200,0.00491249,4987132667373176752
ㅗㅂ,unreleased_coda,124.0,10.0,900,700,0.0045486,7086305154220844255
ㅘㄱ,unreleased_coda,124.0,10.0,1450,900,0.00436666,13644719312228649600
ㅘㄷ,unreleased_coda,124.0,10.0,3200,1200,0.00491249,7479088458489584186
ㅘㅂ,unreleased_coda,124.0,10.0,900,700,0.0045486,11285009048345111279
ㅙㄱ,unreleased_coda,124.0,10.0,1450,900,0.00436666,11343119928818750156
ㅙㄷ,unreleased_coda,124.0,10.0,3200,1200,0.00491249,348859412670462062
ㅙㅂ,unreleased_coda,124.0,10.0,900,700,0.0045486,5701433962522106216
ㅚㄱ,unreleased_coda,124.0,10.0,1450,900,0.00436666,12182675993725556097
ㅚㄷ,unreleased_coda,124.0,10.0,3200,1200,0.00491249,4120808897778216766
ㅚㅂ,unreleased_coda,124.0,10.0,900,700,0.0045486,2926268157201112624
ㅛㄱ,unreleased_coda,124.0,10.0,1450,900,0.00436666,5629310173283149561
ㅛㄷ,unreleased_coda,124.0,10.0,3200,1200,0.00491249,11345807310532013086
ㅛㅂ,unreleased_coda,124.0,10.0,900,700,0.0045486,9231701502265537343
ㅜㄱ,unreleased_coda,124.0,10.0,1450,900,0.00436666,16805878455895133452
ㅜㄷ,unreleased_coda,124.0,10.0,3200,1200,0.00491249,9626308020115032693
ㅜㅂ,unreleased_coda,124.0,10.0,900,700,0.0045486,11321145266396066654
ㅝㄱ,unreleased_coda,124.0,10.0,1450,900,0.00436666,11297200253007537176
ㅝㄷ,unreleased_coda,124.0,10.0,3200,1200,0.00491249,13182135867181531110
ㅝㅂ,unreleased_coda,124.0,10.0,900,700,0.0045486,8096336251542831469
ㅞㄱ,unreleased_coda,124.0,10.0,1450,900,0.00436666,5076220468281388581
ㅞㄷ,unreleased_coda,124.0,10.0,3200,1200,0.00491249,11845177062697771460
ㅞㅂ,unreleased_coda,124.0,10.0,900,700,0.0045486,9364783266523517559
ㅟㄱ,unreleased_coda,124.0,10.0,1450,900,0.00436666,10021378413466771485
ㅟㄷ,unreleased_coda,124.0,10.0,3200,1200,0.00491249,10052057580914707081
ㅟㅂ,unreleased_coda,124.0,10.0,900,700,0.0045486,12808667155480881254
ㅠㄱ,unreleased_coda,124.0,10.0,1450,900,0.00436666,6746407086034360069
ㅠㄷ,unreleased_coda,124.0,10.0,3200,1200,0.00491249,2850436224761917140
ㅠㅂ,unreleased_coda,124.0,10.0,900,700,0.0045486,8078415678969468139
ㅡㄱ,unreleased_coda,124.0,10.0,1450,900,0.00436666,10442118066754710434
ㅡㄷ,unreleased_coda,124.0,10.0,3200,1200,0.00491249,5806655756569703165
ㅡㅂ,unreleased_coda,124.0,10.0,900,700,0.0045486,16589624508811423574
ㅢㄱ,unreleased_coda,124.0,10.0,1450,900,0.00436666,942081717396078478
ㅢㄷ,unreleased_coda,124.0,10.0,3200,1200,0.00491249,3971742599243585872
ㅢㅂ,unreleased_coda,124.0,10.0,900,700,0.0045486,5591222055780104157
ㅣㄱ,unreleased_coda,124.0,10.0,1450,900,0.00436666,2717816913377858500
ㅣㄷ,unreleased_coda,124.0,10.0,3200,1200,0.00491249,6799729007498070648
ㅣㅂ,unreleased_coda,124.0,10.0,900,700,0.0045486,12179535578144784069
