번호,시작(프로그램 박),길이,MIDI,계이름,가사,합성 음소
1,0.0,0.25,67,솔4, 깊,ㄱ + ㅣ + ㅍ
2,0.25,0.25,67,솔4,고,ㄲ + ㅗ + 없음
3,0.5,0.25,67,솔4, 작,ㅈ + ㅏ + 없음
4,0.75,0.25,76,미5,은,ㄱ + ㅡ + ㄴ
5,1.0,0.25,72,도5, 산,ㅅ + ㅏ + ㄴ
6,1.25,0.25,67,솔4,골,ㄱ + ㅗ + ㄹ
7,1.5,0.25,64,미4,짜,ㅉ + ㅏ + 없음
8,1.75,0.25,64,미4,기,ㄱ + ㅣ + 없음
9,2.0,0.75,65,파4, 사,ㅅ + ㅏ + 없음
10,2.75,0.25,74,레5,이,ㅇ + ㅣ + 없음
11,3.0,1.0,76,미5,로,ㄹ + ㅗ + 없음
12,4.0,0.25,65,파4, 맑,ㅁ + ㅏ + ㄹ
13,4.25,0.25,65,파4,은,ㄱ + ㅡ + ㄴ
14,4.5,0.25,74,레5, 물,ㅁ + ㅜ + ㄹ
15,4.75,0.25,71,시4, 흐,ㅎ + ㅡ + 없음
16,5.0,0.5,67,솔4,르,ㄹ + ㅡ + 없음
17,5.5,0.5,65,파4,는,ㄴ + ㅡ + ㄴ
18,6.0,0.25,64,미4, 작,ㅈ + ㅏ + 없음
19,6.25,0.25,64,미4,은,ㄱ + ㅡ + ㄴ
20,6.5,0.25,64,미4, 샘,ㅅ + ㅐ + ㅁ
21,6.75,0.25,72,도5,터,ㅌ + ㅓ + 없음
22,7.0,1.0,72,도5,에,ㅇ + ㅔ + 없음
23,8.0,0.25,67,솔4, 예,ㅇ + ㅖ + 없음
24,8.25,0.25,67,솔4,쁜,ㅃ + ㅡ + ㄴ
25,8.5,0.25,67,솔4, 꽃,ㄲ + ㅗ + ㅊ
26,8.75,0.25,76,미5,들,ㄸ + ㅡ + ㄹ
27,9.0,0.25,72,도5, 사,ㅅ + ㅏ + 없음
28,9.25,0.25,67,솔4,이,ㅇ + ㅣ + 없음
29,9.5,0.5,64,미4,에,ㅇ + ㅔ + 없음
30,10.0,0.375,65,파4, 살,ㅅ + ㅏ + ㄹ
31,10.375,0.125,65,파4,짝,ㅉ + ㅏ + ㄱ
32,10.5,0.25,65,파4, 숨,ㅆ + ㅜ + ㅁ
33,10.75,0.25,74,레5,겨,ㄱ + ㅕ + 없음
34,11.0,1.0,76,미5,진,ㅈ + ㅣ + 없음
35,12.0,0.375,65,파4, 이,ㄴ + ㅣ + 없음
36,12.375,0.125,65,파4,슬,ㅅ + ㅡ + ㄹ
37,12.5,0.25,65,파4, 먹,ㅁ + ㅓ + ㄱ
38,12.75,0.25,74,레5,고,ㄲ + ㅗ + 없음
39,13.0,0.25,71,시4, 피,ㅍ + ㅣ + 없음
40,13.25,0.25,67,솔4,어,ㅇ + ㅓ + 없음
41,13.5,0.5,65,파4,난,ㄴ + ㅏ + ㄴ
42,14.0,0.25,64,미4, 네,ㄴ + ㅔ + 없음
43,14.25,0.25,64,미4,잎,ㅇ + ㅣ + ㅍ
44,14.5,0.25,64,미4,클,ㅋ + ㅡ + ㄹ
45,14.75,0.25,72,도5,로,ㄹ + ㅗ + 없음
46,15.0,0.25,72,도5,버,ㅂ + ㅓ + 없음
47,15.25,0.25,72,도5, 랄,ㄴ + ㅏ + ㄹ
48,15.5,0.25,74,레5,랄,ㄹ + ㅏ + ㄹ
49,15.75,0.25,76,미5,라,ㄹ + ㅏ + 없음
50,16.0,0.75,77,파5, 한,ㅎ + ㅏ + 없음
51,16.75,0.25,72,도5,아,ㄴ + ㅏ + 없음
52,17.0,0.25,77,파5, 잎,ㅇ + ㅣ + ㅁ
53,17.25,0.25,77,파5, 랄,ㄴ + ㅏ + ㄹ
54,17.5,0.25,76,미5,랄,ㄹ + ㅏ + ㄹ
55,17.75,0.25,72,도5,라,ㄹ + ㅏ + 없음
56,18.0,0.75,76,미5, 두,ㄷ + ㅜ + 없음
57,18.75,0.25,72,도5,우,ㅇ + ㅜ + 없음
58,19.0,0.25,76,미5, 잎,ㅇ + ㅣ + ㅁ
59,19.25,0.25,76,미5, 랄,ㄴ + ㅏ + ㄹ
60,19.5,0.25,74,레5,랄,ㄹ + ㅏ + ㄹ
61,19.75,0.25,71,시4,라,ㄹ + ㅏ + 없음
62,20.0,0.75,74,레5, 세,ㅅ + ㅔ + 없음
63,20.75,0.25,71,시4,에,ㅇ + ㅔ + 없음
64,21.0,0.25,74,레5, 잎,ㅇ + ㅣ + ㅁ
65,21.25,0.25,74,레5, 랄,ㄴ + ㅏ + ㄹ
66,21.5,0.25,72,도5,랄,ㄹ + ㅏ + ㄹ
67,21.75,0.25,69,라4,라,ㄹ + ㅏ + 없음
68,22.0,0.5,72,도5, 네,ㄴ + ㅔ + 없음
69,22.5,0.5,74,레5,에,ㅇ + ㅔ + 없음
70,23.0,1.0,76,미5, 잎,ㅇ + ㅣ + ㅁ
71,24.25,0.25,69,라4, 랄,ㄴ + ㅏ + ㄹ
72,24.5,0.25,69,라4,랄,ㄹ + ㅏ + ㄹ
73,24.75,0.25,69,라4,라,ㄹ + ㅏ + 없음
74,25.25,0.25,69,라4, 랄,ㄴ + ㅏ + ㄹ
75,25.5,0.25,67,솔4,랄,ㄹ + ㅏ + ㄹ
76,25.75,0.25,65,파4,라,ㄹ + ㅏ + 없음
77,26.25,0.25,64,미4, 랄,ㄴ + ㅏ + ㄹ
78,26.5,0.25,67,솔4,랄,ㄹ + ㅏ + ㄹ
79,26.75,0.25,67,솔4,라,ㄹ + ㅏ + 없음
80,27.25,0.25,72,도5, 랄,ㄴ + ㅏ + ㄹ
81,27.5,0.25,71,시4,랄,ㄹ + ㅏ + ㄹ
82,27.75,0.25,69,라4,라,ㄹ + ㅏ + 없음
83,28.25,0.25,71,시4, 랄,ㄴ + ㅏ + ㄹ
84,28.5,0.25,71,시4,랄,ㄹ + ㅏ + ㄹ
85,28.75,0.25,71,시4,라,ㄹ + ㅏ + 없음
86,29.25,0.25,71,시4, 랄,ㄴ + ㅏ + ㄹ
87,29.5,0.25,69,라4,랄,ㄹ + ㅏ + ㄹ
88,29.75,0.25,67,솔4,라,ㄹ + ㅏ + 없음
89,30.0,0.5,72,도5, 네,ㄴ + ㅔ + 없음
90,30.5,0.5,71,시4,에,ㅇ + ㅔ + 없음
91,31.0,1.0,70,라♯4, 잎,ㅇ + ㅣ + ㅍ
92,32.0,0.5,76,미5, 행,ㅎ + ㅐ + 없음
93,32.5,0.25,76,미5,운,ㅇ + ㅜ + 없음
94,32.75,0.25,76,미5,을,ㄴ + ㅡ + ㄹ
95,33.25,0.25,76,미5, 가,ㄱ + ㅏ + 없음
96,33.5,0.25,77,파5,져,ㅈ + ㅕ + 없음
97,33.75,0.25,76,미5,다,ㄷ + ㅏ + 없음
98,34.0,0.75,74,레5, 준,ㅈ + ㅜ + ㄴ
99,34.75,0.25,72,도5,다,ㄷ + ㅏ + 없음
100,35.0,1.0,67,솔4,는,ㄴ + ㅡ + ㄴ
101,36.0,0.5,74,레5, 수,ㅅ + ㅜ + 없음
102,36.5,0.25,74,레5,줍,ㅈ + ㅜ + 없음
103,36.75,0.25,76,미5,은,ㅂ + ㅡ + 없음
104,37.0,0.25,76,미5, 얼,ㄴ + ㅓ + ㄹ
105,37.25,0.25,74,레5,굴,ㄱ + ㅜ + 없음
106,37.5,0.25,72,도5,의,ㄹ + ㅢ + 없음
107,37.75,0.25,71,시4, 미,ㅁ + ㅣ + 없음
108,38.0,1.5,71,시4,소,ㅅ + ㅗ + 없음
109,40.0,0.25,67,솔4, 한,ㅎ + ㅏ + ㄴ
110,40.25,0.25,67,솔4,줄,ㅈ + ㅜ + ㄹ
111,40.5,0.25,67,솔4,기,ㄱ + ㅣ + 없음
112,40.75,0.25,76,미5,의,ㅇ + ㅢ + 없음
113,41.0,0.25,72,도5, 따,ㄸ + ㅏ + 없음
114,41.25,0.25,67,솔4,스,ㅅ + ㅡ + 없음
115,41.5,0.5,64,미4,한,ㅎ + ㅏ + ㄴ
116,42.0,0.375,65,파4, 햇,ㅎ + ㅐ + ㅅ
117,42.375,0.125,65,파4,살,ㅆ + ㅏ + ㄹ
118,42.5,0.25,65,파4, 받,ㅂ + ㅏ + 없음
119,42.75,0.25,74,레5,으,ㄷ + ㅡ + 없음
120,43.0,1.0,76,미5,며,ㅁ + ㅕ + 없음
121,44.0,0.375,65,파4, 희,ㅎ + ㅢ + 없음
122,44.375,0.125,65,파4,망,ㅁ + ㅏ + 없음
123,44.5,0.25,65,파4,으,ㅇ + ㅡ + 없음
124,44.75,0.25,74,레5,로,ㄹ + ㅗ + 없음
125,45.0,0.25,71,시4, 가,ㄱ + ㅏ + 없음
126,45.25,0.25,67,솔4,득,ㄷ + ㅡ + ㄱ
127,45.5,0.5,65,파4,한,ㅎ + ㅏ + ㄴ
128,46.0,0.25,64,미4, 나,ㄴ + ㅏ + 없음
129,46.25,0.25,64,미4,의,ㅇ + ㅢ + 없음
130,46.5,0.25,64,미4, 친,ㅊ + ㅣ + ㄴ
131,46.75,0.25,72,도5,구,ㄱ + ㅜ + 없음
132,47.0,0.5,72,도5,야,ㅇ + ㅑ + 없음
133,47.5,0.25,72,도5, 빛,ㅂ + ㅣ + ㅊ
134,47.75,0.25,71,시4,처,ㅊ + ㅓ + 없음
135,48.0,1.0,69,라4,럼,ㄹ + ㅓ + ㅁ
136,49.0,0.5,69,라4, 밝,ㅂ + ㅏ + ㄹ
137,49.5,0.25,72,도5,은,ㄱ + ㅡ + 없음
138,49.75,0.25,76,미5,으,ㄴ + ㅡ + 없음
139,50.0,0.5,76,미5, 마,ㅁ + ㅏ + 없음
140,50.5,0.25,74,레5,음,ㅇ + ㅡ + 없음
141,50.75,0.25,72,도5,으,ㅁ + ㅡ + 없음
142,51.0,1.0,69,라4,로,ㄹ + ㅗ + 없음
143,52.0,0.5,74,레5, 너,ㄴ + ㅓ + 없음
144,52.5,0.25,74,레5,어,ㅇ + ㅓ + 없음
145,52.75,0.25,72,도5,를,ㄹ + ㅡ + ㄹ
146,53.0,0.25,71,시4, 닮,ㄷ + ㅏ + ㄹ
147,53.25,0.25,72,도5,아,ㅁ + ㅏ + 없음
148,53.5,0.25,74,레5,고,ㄱ + ㅗ + 없음
149,53.75,0.25,76,미5, 싶,ㅅ + ㅣ + 없음
150,54.0,1.5,72,도5,어,ㅂ + ㅓ + 없음
